score,N
0.3653848479431124,4.0
-0.3474729506258073,36.0
-0.5364713551167033,68.0
-0.638525632809966,100.0
