score,N
0.7469929418117347,4.0
0.45912314726667836,36.0
0.4225429444473983,68.0
0.42109395363289315,100.0
