score,N
0.8040620420251958,4.0
0.35905214079002035,36.0
0.3205238069547736,68.0
0.21158833340345892,100.0
