score,N
-0.08258677084617955,123.0
-0.07351832727370358,246.0
-0.07266304617712498,368.0
-0.0726610784402818,492.0
