score,N
1.1200397753118825,123.0
1.1329306982296943,246.0
1.134735899893943,368.0
1.1373502629387517,492.0
