score,N
0.1015396342187717,123.0
-0.06283651218078376,246.0
-0.13823071769361356,368.0
-0.17412996477359902,492.0
