score,N
1.0692999713985982,123.0
1.0884932297429215,246.0
1.096837319437351,368.0
1.1041605607506981,492.0
