score,N
0.3559614070632356,4.0
-0.007000060781648004,36.0
-0.0518826176701647,68.0
-0.07906079913768642,100.0
