score,N
0.4084913097641793,4.0
0.04822265643623917,36.0
-0.014752143635796284,68.0
-0.059602876330061456,100.0
