score,N
1.9436983135530117,123.0
2.0685925427786573,246.0
2.0510765774960937,368.0
2.0568940688217876,492.0
