score,N
1.353666932157527,123.0
1.519524104100271,246.0
1.582550245374071,368.0
1.5955079288144138,492.0
