score,N
0.42462143031213995,4.0
-0.5692803277489541,36.0
-0.8707151128918379,68.0
-1.0713915667360887,100.0
