score,N
0.8443733191319306,123.0
0.9152704276296142,246.0
0.935678595312247,368.0
0.9538477339555775,492.0
