score,N
0.7612664763933816,123.0
0.7971765818147052,246.0
0.8044549708154589,368.0
0.804419199502731,492.0
