score,N
0.7443807626123391,123.0
0.8342917443950465,246.0
0.8764675031736695,368.0
0.9013731756825596,492.0
