score,N
-0.7387700383473337,123.0
-0.8133950796740259,246.0
-0.8415993411264613,368.0
-0.8493586804870763,492.0
