score,N
0.9812805078569115,123.0
0.9459462014165629,246.0
0.9459462014165629,368.0
0.9459466206158326,492.0
