score,N
-1.1957323513090963,123.0
-1.509706296969993,246.0
-1.6007545262913476,368.0
-1.6193968483626857,492.0
