score,N
-0.17777967611285206,123.0
-0.15190585590487432,246.0
-0.1527781591418163,368.0
-0.15569063666612673,492.0
