score,N
-0.08748230580236527,123.0
-0.10492356824214977,246.0
-0.10771171302450742,368.0
-0.10870816001585448,492.0
