score,N
0.9372058477888247,123.0
1.0840188950709326,246.0
1.1392076886231624,368.0
1.1604091091812985,492.0
