score,N
0.3522094515334817,123.0
0.36709221882127524,246.0
0.3693483672206678,368.0
0.3696111678860264,492.0
