score,N
0.889667030842782,4.0
-0.026777056446408487,36.0
-0.05344676521555243,68.0
-0.055277758052711755,100.0
