score,N
1.417785288574807,123.0
1.3317487240496069,246.0
1.3131609843314898,368.0
1.3100594284103835,492.0
