score,N
-0.061011163473076384,123.0
-0.08259637473712193,246.0
-0.08447090697439313,368.0
-0.08580305633012603,492.0
