score,N
-0.28049889872154526,123.0
-0.28933645420430343,246.0
-0.2895468417869614,368.0
-0.2896929531430511,492.0
