score,N
1.0681496488996127,123.0
1.0880671293766697,246.0
1.1016303844174116,368.0
1.1043423685745763,492.0
