score,N
0.3511708995599925,4.0
-0.013195010425563201,36.0
-0.06691881657947456,68.0
-0.0743628790951238,100.0
