score,N
-0.7925378842601126,123.0
-0.7927034049054758,246.0
-0.7798705480375692,368.0
-0.7698594942003109,492.0
