score,N
0.955204534266734,123.0
1.182099547121263,246.0
1.2662663571860155,368.0
1.294396972329435,492.0
