score,N
1.922071830347511,123.0
1.9941611877047896,246.0
2.0207847082212793,368.0
2.0199346376398397,492.0
