score,N
0.8924133997467028,4.0
-0.007713630070164118,36.0
-0.04241497626647826,68.0
-0.0448847993985963,100.0
