score,N
0.8809340214277033,123.0
0.9326214019130554,246.0
0.9485780673804683,368.0
0.9589288758338887,492.0
