score,N
0.773349677519965,4.0
0.4607373396241158,36.0
0.42274441829915793,68.0
0.42151631944045687,100.0
