score,N
-0.016749390042566665,123.0
-0.03018680285171338,246.0
-0.036541355470913674,368.0
-0.0396024110428847,492.0
