score,N
-0.08432280214756098,123.0
-0.0837230916199061,246.0
-0.0835093439830243,368.0
-0.0837902480952301,492.0
