score,N
-0.035453532769957705,123.0
-0.0626271339642125,246.0
-0.07447300648239377,368.0
-0.07914189648375797,492.0
