score,N
0.2257211849071423,123.0
0.1459080478760371,246.0
0.1298582019563708,368.0
0.12596320676382927,492.0
