score,N
0.35392997668337567,4.0
-0.011262020941102565,36.0
-0.04655021468384192,68.0
-0.09141814836337732,100.0
