score,N
0.6989970373277873,4.0
0.3527808529828546,36.0
0.2753081886922462,68.0
0.25165656075861553,100.0
