score,N
0.9587413021261509,123.0
1.1790220682083894,246.0
1.2441908060603313,368.0
1.2639063648314885,492.0
