score,N
-2.183707689898893,123.0
-2.6625610345325668,246.0
-2.790940916824573,368.0
-2.811095357223225,492.0
