score,N
1.125032107418366,123.0
1.13276485124975,246.0
1.1356797037169204,368.0
1.1374339625491843,492.0
