score,N
0.2374373904490714,123.0
0.1590499906660442,246.0
0.12908431989938207,368.0
0.1012195049931315,492.0
