score,N
0.14845298961986192,123.0
0.10766712056062949,246.0
0.10521478341546221,368.0
0.10541888137869701,492.0
