score,N
0.04472179435182943,4.0
-0.6525494299274317,36.0
-0.8740934778713486,68.0
-1.0711858418443683,100.0
