score,N
0.31645791305021237,4.0
0.016512860354669086,36.0
-0.006978171668299151,68.0
-0.018803655946242965,100.0
