score,N
0.7601652878494891,123.0
0.8043588016137075,246.0
0.8049407709500929,368.0
0.8049925710881582,492.0
