score,N
-0.024094552429189474,123.0
-0.050879432106647,246.0
-0.06075552442599169,368.0
-0.06339819680321292,492.0
