score,N
0.4129063011473811,4.0
0.03668886314073947,36.0
-0.03786479415821686,68.0
-0.07601046414737436,100.0
