score,N
0.562506787004843,4.0
-0.13504258610600542,36.0
-0.14523941164723556,68.0
-0.13447209335263105,100.0
