score,N
0.1548124693877577,4.0
-0.6057434963484628,36.0
-0.5916730008798108,68.0
-0.520334978404148,100.0
