score,N
0.05827770478189157,123.0
0.05107037232715909,246.0
0.05112101374254427,368.0
0.05112101374254427,492.0
