score,N
0.419755921215971,123.0
0.4198278812077129,246.0
0.4196042829430504,368.0
0.41955437520684236,492.0
