score,N
0.0924671474838357,123.0
-0.07442779127202302,246.0
-0.14240530728208053,368.0
-0.17115755463058846,492.0
