score,N
0.5660607256776281,4.0
0.07810206578140062,36.0
0.009216194276499603,68.0
-0.02091590541775932,100.0
