score,N
0.41957644816232265,4.0
0.059352157436029535,36.0
0.0031455318779734093,68.0
-0.020915916389320128,100.0
