score,N
0.07125494616291617,123.0
-0.08034821812142218,246.0
-0.16079376454355207,368.0
-0.1918959104971646,492.0
