score,N
0.41708254505093795,4.0
-0.5702604428284442,36.0
-0.8526706159478417,68.0
-1.0602557026611568,100.0
