score,N
0.8345500916397287,4.0
0.42869879339609535,36.0
0.3037581831524587,68.0
0.24672368671277803,100.0
