score,N
0.7475492609970048,123.0
0.9391309533483421,246.0
1.029048232964675,368.0
1.0691832371567283,492.0
