score,N
0.7424894695600411,123.0
0.8287632761227464,246.0
0.862767891194581,368.0
0.8816608853852658,492.0
