score,N
2.0958028636138106,123.0
2.042379884342589,246.0
2.033174366332246,368.0
2.028473051109515,492.0
