score,N
0.22940119388673477,123.0
0.15594315679217727,246.0
0.1417937081838582,368.0
0.1387019661701346,492.0
