score,N
-0.10769845992715141,4.0
-1.4606066097311077,36.0
-1.8506021682131601,68.0
-2.057560849336219,100.0
