score,N
1.0695084036763416,123.0
1.0881324478438976,246.0
1.0950739872519202,368.0
1.0933857134261595,492.0
