score,N
-0.0251186147125567,123.0
-0.04194448934938515,246.0
-0.049571903559866515,368.0
-0.05250963635372109,492.0
