score,N
0.7217370460502369,4.0
-0.1676426413310558,36.0
-0.29208300130720266,68.0
-0.29918490221295957,100.0
