score,N
0.7217834891519048,4.0
0.28299324286465577,36.0
0.2158109380853031,68.0
0.1585489886962274,100.0
