score,N
0.8026003893915349,4.0
-0.17175204107475972,36.0
-0.28048085913812987,68.0
-0.29185423001934074,100.0
