score,N
0.10551526431805686,123.0
0.06353457026535383,246.0
0.04807067516416654,368.0
0.04413191839765771,492.0
