score,N
0.2708360818876251,123.0
0.24655423055297765,246.0
0.24428147000996384,368.0
0.24438525718279017,492.0
