score,N
1.3088353010187577,123.0
1.5296756797028872,246.0
1.5727259786337102,368.0
1.5819660116691676,492.0
