score,N
0.8090843516006961,4.0
0.42285151490103917,36.0
0.25453775405546647,68.0
0.15292118923364392,100.0
