score,N
0.811516659410232,4.0
0.2515688286881134,36.0
0.21493355241706485,68.0
0.16943708927504986,100.0
