score,N
0.09902964732545985,4.0
-0.7891986083221634,36.0
-0.8324760721494823,68.0
-0.7874750730611932,100.0
