score,N
1.099450000943652,123.0
1.0916709981243349,246.0
1.100935884698861,368.0
1.1042563874532791,492.0
