score,N
0.4120967562180971,4.0
0.05020094059465527,36.0
-0.018667463948422006,68.0
-0.08150440615344115,100.0
