score,N
-0.6801875070212947,123.0
-0.8630408027813393,246.0
-0.938367720474302,368.0
-0.9648924554758,492.0
