score,N
0.3943457288655302,4.0
-0.35112596884892416,36.0
-0.5289490488776601,68.0
-0.6530402784055368,100.0
