score,N
0.9063085781555753,123.0
1.0602764269885476,246.0
1.1392121614120414,368.0
1.163314736432507,492.0
