score,N
0.12354876648298263,123.0
0.0704507028207542,246.0
0.05282210043526061,368.0
0.050474180293841965,492.0
