score,N
-2.1693840516044096,123.0
-2.472098582088393,246.0
-2.5833419681537433,368.0
-2.6142361677161823,492.0
