score,N
0.06722729491324893,123.0
0.06700286268283805,246.0
0.06700286268283805,368.0
0.06700175891777045,492.0
