score,N
0.20600644446696018,123.0
0.14915133465182337,246.0
0.12957915739758477,368.0
0.12538879820784565,492.0
