score,N
0.3324869347605123,4.0
-0.5424704010905878,36.0
-0.8327966906269014,68.0
-0.9771138494616886,100.0
