score,N
0.5380030513630913,4.0
0.07538684879353133,36.0
0.005957349855979608,68.0
-0.023622951449612833,100.0
