score,N
-0.1969361936998228,4.0
-1.6059684824430398,36.0
-1.9879613129651683,68.0
-2.234791530472031,100.0
