score,N
0.21048823351419915,123.0
0.19837997699774368,246.0
0.19802949587691737,368.0
0.1983696491320159,492.0
