score,N
0.34237626204491195,4.0
-0.4593307628747649,36.0
-0.7974385406180706,68.0
-0.9468257464644277,100.0
