score,N
-0.08465097679678711,123.0
-0.09813504071760361,246.0
-0.0982294334303389,368.0
-0.09718517927432237,492.0
