score,N
-0.2867412286036472,123.0
-0.29846850449771023,246.0
-0.29868671701083593,368.0
-0.2988693398492308,492.0
