score,N
-0.05879424677318854,123.0
-0.08822771446594324,246.0
-0.09052689127413313,368.0
-0.0917858159715521,492.0
