score,N
0.986921077225239,123.0
1.2054769576655449,246.0
1.2673943540513006,368.0
1.287454430295334,492.0
