score,N
0.8191736469988755,123.0
0.8271607395617024,246.0
0.8289030665538998,368.0
0.8289628334376843,492.0
