score,N
-0.2950993331511045,123.0
-0.29561404856642676,246.0
-0.29562410327320987,368.0
-0.29560153366543074,492.0
