score,N
2.4754808404072053,123.0
2.82302564950528,246.0
2.940139697927778,368.0
2.958087808705404,492.0
