score,N
0.4228799867836273,4.0
0.060361536831258895,36.0
0.004287415852708926,68.0
-0.026925734167226146,100.0
