score,N
0.8462733311152656,4.0
0.4344895834257905,36.0
0.28512815909300615,68.0
0.2290977517210647,100.0
