score,N
1.2762782230702128,123.0
1.2681382946263922,246.0
1.2655632970826467,368.0
1.265560730469373,492.0
