score,N
0.5859911758128726,4.0
-0.16516097194023552,36.0
-0.3233342850851375,68.0
-0.40412396182496757,100.0
