score,N
0.26523369913452904,123.0
0.08097340020967615,246.0
0.002104779331068936,368.0
-0.03361323361901592,492.0
