score,N
0.421494648474694,123.0
0.4215279973603452,246.0
0.42135277046291675,368.0
0.4213096028287028,492.0
