score,N
-0.044766211991526,123.0
-0.04426932007235129,246.0
-0.04400639790226121,368.0
-0.04442198800451656,492.0
