score,N
0.16665274509826095,123.0
0.1141038892795257,246.0
0.09505542758420024,368.0
0.0847490603186131,492.0
