score,N
-0.06751092842061816,123.0
-0.09631094300004621,246.0
-0.09595947649857212,368.0
-0.0939794250186536,492.0
