score,N
-0.09117714170997385,123.0
-0.09297774025455831,246.0
-0.09604791429548422,368.0
-0.09533887835824148,492.0
