score,N
0.24784500021186898,123.0
0.07844869359379027,246.0
0.0047790489379554825,368.0
-0.03110961381250693,492.0
