score,N
1.054983070760376,123.0
1.0661314274226668,246.0
1.0674244019497219,368.0
1.0658947500991498,492.0
