score,N
1.0695447314055486,123.0
1.09284780950376,246.0
1.1020001048505739,368.0
1.101583800303658,492.0
