score,N
0.2725323364895184,123.0
0.24706965501954567,246.0
0.24275641175682885,368.0
0.24277367660434498,492.0
