score,N
0.719381162410246,4.0
0.2818864429857547,36.0
0.2376485349558863,68.0
0.17618297426254034,100.0
