score,N
0.21605907117448256,123.0
0.14573082332259016,246.0
0.14470281655574943,368.0
0.14471289846181584,492.0
