score,N
-0.8236979737914032,123.0
-0.8124699107946145,246.0
-0.8031805281767829,368.0
-0.7986239865282933,492.0
