score,N
-0.02476558794169128,4.0
-1.4113503611202847,36.0
-1.7831683262133502,68.0
-2.0588013361983046,100.0
