score,N
-1.0444653373628683,123.0
-1.2478545204155953,246.0
-1.2909453064819447,368.0
-1.3262319128190667,492.0
