score,N
0.20881746289587788,123.0
0.13878255175791573,246.0
0.11822073327515471,368.0
0.09739077908236594,492.0
