score,N
-0.5563041886505931,123.0
-0.5422957187835574,246.0
-0.5362691838470599,368.0
-0.5307390988839741,492.0
