score,N
0.08619360973246323,4.0
-0.5544294495998449,36.0
-0.6598450171269395,68.0
-0.7242090590885376,100.0
