score,N
0.15986660626376129,123.0
0.1445874925920134,246.0
0.14325145071878828,368.0
0.14341663407765975,492.0
