score,N
1.2701765098399418,123.0
1.518510487449217,246.0
1.5612285018276024,368.0
1.564148424906124,492.0
