score,N
1.1266057879194924,123.0
1.1346395935630715,246.0
1.134104240352603,368.0
1.1389785390316411,492.0
