score,N
-0.07228668568747787,123.0
-0.11200374780184107,246.0
-0.10992103209912313,368.0
-0.10981643216974434,492.0
