score,N
1.1304520431658251,123.0
1.1403603705802352,246.0
1.145970059752764,368.0
1.1442429236826226,492.0
