score,N
0.7891650996058895,4.0
0.4119897047124995,36.0
0.2539273522649426,68.0
0.14208770774558369,100.0
