score,N
0.8163616294248021,123.0
0.8757781153877676,246.0
0.8865726260428166,368.0
0.8893406099961985,492.0
