score,N
0.9229051873466222,4.0
0.47048936059438945,36.0
0.29382119945008606,68.0
0.15123008897134338,100.0
