score,N
0.8366735242228294,4.0
0.3300106955182554,36.0
0.27062233322625706,68.0
0.23610129846874203,100.0
