score,N
0.43217621281265123,4.0
0.061024400143529244,36.0
0.010886507127339564,68.0
-0.018036308566948513,100.0
