score,N
1.236187708656596,123.0
1.2135154586390937,246.0
1.2173761817415634,368.0
1.2176284465300742,492.0
