score,N
-0.0817764271554795,123.0
-0.10756307451348597,246.0
-0.11225575436819651,368.0
-0.11013829135132883,492.0
