score,N
0.36909785589568955,123.0
0.36872991442726605,246.0
0.3685333371038342,368.0
0.3684632530146107,492.0
