score,N
2.057122325930706,123.0
2.2510135480730455,246.0
2.281340146731434,368.0
2.2824873616467642,492.0
