score,N
-0.7563592288306537,123.0
-0.9136416370004476,246.0
-1.012871505064902,368.0
-1.0260765063849115,492.0
