score,N
0.8016535234294457,4.0
-0.1642839693055793,36.0
-0.2747131869896545,68.0
-0.277385439183951,100.0
