score,N
0.5711562730543324,4.0
0.0010452195410087456,36.0
-0.04251650620563211,68.0
-0.058970797883322115,100.0
