score,N
0.913510478262663,123.0
1.087889733444076,246.0
1.156571219641471,368.0
1.1725473431505204,492.0
