score,N
0.2787943866118037,4.0
0.016956118220944956,36.0
-0.0007887371524762435,68.0
-0.012465709711928495,100.0
