score,N
0.8902729948306776,4.0
0.5250393882634657,36.0
0.3307824656594104,68.0
0.2994007009359484,100.0
