score,N
0.7734506520575646,123.0
0.9448389793076727,246.0
1.0145478711788056,368.0
1.0521561611973167,492.0
