score,N
0.7937402570557123,4.0
0.2483343863030705,36.0
0.17531017166435306,68.0
0.13555840482953807,100.0
