score,N
0.4184365309851873,4.0
0.06320323890776815,36.0
-0.003644861679410892,68.0
-0.02849348236924032,100.0
