score,N
0.36228301124225676,4.0
-0.014199110790043386,36.0
-0.052895761962848384,68.0
-0.06495540615106742,100.0
