score,N
0.7850635929828422,4.0
0.4178811211399375,36.0
0.34672937626273925,68.0
0.29885130624190465,100.0
