score,N
-1.1169399172716672,123.0
-1.3904983479865993,246.0
-1.4898883583230917,368.0
-1.5039517774620705,492.0
