score,N
1.9579512074634629,123.0
2.1793248869838795,246.0
2.1740426391277463,368.0
2.1830955000947365,492.0
