score,N
0.7816428936222473,123.0
0.7820957945615223,246.0
0.7820219810603574,368.0
0.782876347286512,492.0
