score,N
2.004090680327704,123.0
2.2300072587366286,246.0
2.2467111619630584,368.0
2.2456850988026553,492.0
