score,N
0.9804336702367491,123.0
0.939394633818757,246.0
0.939394633818757,368.0
0.9393956850235833,492.0
