score,N
-0.044429027969272096,123.0
-0.07369327221802607,246.0
-0.0761735303880905,368.0
-0.07692376562003234,492.0
