score,N
0.8409724602756505,4.0
0.432917046491745,36.0
0.2955180494032113,68.0
0.23016087654592682,100.0
