score,N
-2.3133235344342262,123.0
-2.7233949122845362,246.0
-2.8227030269456943,368.0
-2.8410261864488384,492.0
