score,N
0.8308221942398115,123.0
0.878840700114585,246.0
0.8938895755172719,368.0
0.8972485748867963,492.0
