score,N
1.034299155210605,123.0
1.0461445462526642,246.0
1.0479178521678636,368.0
1.0504766811245647,492.0
