score,N
0.7895167207729975,4.0
0.41244116384141943,36.0
0.2516241245306361,68.0
0.14813490525922007,100.0
