score,N
0.8254569877386475,123.0
0.829728504470473,246.0
0.8305790599591159,368.0
0.830601269486359,492.0
