score,N
0.011390283002284644,4.0
-0.7034259124965571,36.0
-0.9658317419443332,68.0
-1.1108922592541561,100.0
