score,N
-2.16537175091228,123.0
-2.4438744598096904,246.0
-2.571436952965883,368.0
-2.5988298205606073,492.0
