score,N
-0.03411262404161065,123.0
-0.062183223486283856,246.0
-0.07566661358193982,368.0
-0.08119670555051486,492.0
