score,N
-0.03749844611119525,123.0
-0.06239572245108091,246.0
-0.07206928304569349,368.0
-0.07377232733664985,492.0
