score,N
0.8602083477079512,4.0
0.5367147029235134,36.0
0.3865563915483347,68.0
0.30606753787796553,100.0
