score,N
1.1306595029756072,123.0
1.133584454017148,246.0
1.1392452054625253,368.0
1.1379120965746243,492.0
