score,N
0.7600529564452125,123.0
0.9445067763776732,246.0
1.0220530926970053,368.0
1.0599084563105392,492.0
