score,N
0.3632831069564949,123.0
0.36230673394757784,246.0
0.3623603010787774,368.0
0.3623481364314532,492.0
