score,N
0.9901588218878218,123.0
0.9509205245356387,246.0
0.9509205245356387,368.0
0.9509206303508676,492.0
