score,N
0.6939990418620109,4.0
0.34971273780229356,36.0
0.246971682994133,68.0
0.23801512665764757,100.0
