score,N
-0.08996449618224255,123.0
-0.08916616814342275,246.0
-0.08901235304093995,368.0
-0.08927817872635109,492.0
