score,N
-0.09087866549956793,4.0
-0.8629458336921569,36.0
-1.0556397503299553,68.0
-1.2293392341316853,100.0
