score,N
0.482570132930096,4.0
-0.2453904481285622,36.0
-0.19282997019304376,68.0
-0.2031563166612429,100.0
