score,N
1.436150962800103,123.0
1.3915699883149242,246.0
1.3336061826579755,368.0
1.3273194718562962,492.0
