score,N
0.8897897706356798,123.0
0.9371090738540654,246.0
0.9531738219506074,368.0
0.9624923138925846,492.0
