score,N
1.215729216851614,123.0
1.2047091303779671,246.0
1.2088879566044528,368.0
1.2093858852351655,492.0
