score,N
0.96343283734686,123.0
1.1251163465373644,246.0
1.168352730825779,368.0
1.179038371458491,492.0
