score,N
0.8905172333515939,4.0
-0.022020533387928216,36.0
-0.04757859484851156,68.0
-0.049198988215969734,100.0
