score,N
0.21690338841910736,123.0
0.14801282057440518,246.0
0.1471776234977873,368.0
0.1472758615579215,492.0
