score,N
-1.0918815305666232,123.0
-1.2849186113161917,246.0
-1.357135480388935,368.0
-1.3748488913764367,492.0
