score,N
-1.0269630460012096,123.0
-1.3113806011106803,246.0
-1.397321870052986,368.0
-1.408088556712676,492.0
