score,N
0.4209918404409271,123.0
0.4211618173209928,246.0
0.4211394656211676,368.0
0.4210120551565312,492.0
