score,N
-0.9348212082284745,123.0
-0.8885579509484792,246.0
-0.8808699984320097,368.0
-0.8658952982553606,492.0
