score,N
-0.017986913198262414,123.0
-0.03366163282739924,246.0
-0.03875695097071401,368.0
-0.04294766680880035,492.0
