score,N
0.08312918952828699,4.0
-0.5484050929178166,36.0
-0.6675962850152021,68.0
-0.7173436533083006,100.0
