score,N
0.7981449622556741,4.0
-0.16224518834559523,36.0
-0.2879727757951434,68.0
-0.28999897482093534,100.0
