score,N
-0.7480489593543707,123.0
-0.841107721872828,246.0
-0.8502232535544173,368.0
-0.8589247573444837,492.0
