score,N
1.1253397038380497,123.0
1.1349304261321838,246.0
1.1381598266776365,368.0
1.1333336721242282,492.0
