score,N
1.3342817719595719,123.0
1.4975499044171352,246.0
1.5749318187785628,368.0
1.597041251004097,492.0
