score,N
0.9429787971520109,123.0
1.0944109054850053,246.0
1.1565572685238732,368.0
1.176022733618722,492.0
