score,N
1.89493808464955,123.0
2.0101333248027142,246.0
2.0103793314942933,368.0
2.0287062507233062,492.0
