score,N
0.922620134462356,4.0
0.4729002003104182,36.0
0.2992131576805612,68.0
0.1553851500240261,100.0
