score,N
1.1316673714305878,123.0
1.1104855725138398,246.0
1.1093066835651988,368.0
1.109482673121949,492.0
