score,N
0.40203842808149987,4.0
-0.3700677582773637,36.0
-0.5740674335167667,68.0
-0.7042875875393036,100.0
