score,N
0.8164516280366364,4.0
0.4504918088548654,36.0
0.2787732515468359,68.0
0.18127874185253734,100.0
