score,N
0.8752091032282022,4.0
-0.012948125542611788,36.0
-0.0886782360029742,68.0
-0.08994396622734685,100.0
