score,N
1.8716399351684319,123.0
1.8046312016214001,246.0
1.7833046914055544,368.0
1.7776949292862418,492.0
