score,N
0.15677733064542704,123.0
0.10792361160424867,246.0
0.08859361071844753,368.0
0.07786179616236777,492.0
