score,N
1.201582813041725,123.0
1.2128128939835234,246.0
1.2164555299671604,368.0
1.210549226684284,492.0
