score,N
1.0977949950938415,123.0
1.0894448990462564,246.0
1.0961407137300494,368.0
1.1026395040818349,492.0
