score,N
0.8040454582247103,4.0
0.35835953819015887,36.0
0.2860436829039542,68.0
0.2197718507719698,100.0
