score,N
0.9665020285265798,123.0
1.193859941058039,246.0
1.2884936850748234,368.0
1.311433948469329,492.0
