score,N
0.7969966606892136,4.0
0.39386449477777985,36.0
0.3437080253567116,68.0
0.2944817466352089,100.0
