score,N
0.573917096058086,4.0
-0.1603357257374334,36.0
-0.3367154799370669,68.0
-0.39484689696229225,100.0
