score,N
0.418171313037582,4.0
-0.5698039875406425,36.0
-0.8995714781460373,68.0
-1.0927041421489654,100.0
