score,N
0.4282134747708766,123.0
0.44690068063042665,246.0
0.4479865782434859,368.0
0.44825398309886305,492.0
