score,N
-0.7643354599888501,123.0
-0.7338309979000246,246.0
-0.7052005674609775,368.0
-0.6789691581036977,492.0
