score,N
0.7979455650338042,4.0
0.36153660135244386,36.0
0.29244751067412045,68.0
0.21634713179447612,100.0
