score,N
0.029060043392838734,4.0
-1.4014977929460435,36.0
-1.7953840834245376,68.0
-2.037103332763085,100.0
