score,N
0.3381765686250564,123.0
0.3618974879396268,246.0
0.36410178155187556,368.0
0.3644008003923595,492.0
