score,N
-0.1220553531991808,123.0
-0.1223932010318864,246.0
-0.11039234530158934,368.0
-0.10756305280901415,492.0
