score,N
0.7343576327171953,123.0
0.7429315663265577,246.0
0.7428476436303538,368.0
0.7435314956407865,492.0
