score,N
0.8937060665779992,4.0
0.4977801259136305,36.0
0.3178578813304058,68.0
0.28097112831348847,100.0
