score,N
0.789840017469665,123.0
0.9503685826919056,246.0
1.015523131498779,368.0
1.0532193601561974,492.0
