score,N
0.9751216704366112,123.0
1.0044383613258012,246.0
1.015143866020486,368.0
1.019426246915188,492.0
