score,N
1.2458887915549335,123.0
1.507677234002782,246.0
1.5590942952509268,368.0
1.5630708662627255,492.0
