score,N
0.43274110874353566,4.0
0.0447775521743542,36.0
-0.0431204239766535,68.0
-0.06970657584285281,100.0
