score,N
-0.028579883331354573,123.0
-0.05241782096011382,246.0
-0.05923530626684079,368.0
-0.06660326605174839,492.0
