score,N
2.061345815954486,123.0
2.013882034594797,246.0
1.9968587369044222,368.0
1.9903080070215622,492.0
