score,N
0.218150257754369,123.0
0.22877829076950726,246.0
0.22849931021475162,368.0
0.22834016593789558,492.0
