score,N
1.8879091551970586,123.0
2.0016693326308084,246.0
2.0127330930923666,368.0
2.0269405118852877,492.0
