score,N
0.6913986438119969,4.0
0.30092727183191254,36.0
0.2449326964985979,68.0
0.19290435410577256,100.0
