score,N
0.3530644843693131,123.0
0.3520588356978937,246.0
0.3522460518668908,368.0
0.3522956216025457,492.0
