score,N
0.7447981002137103,4.0
0.4586568383825265,36.0
0.42171705471647725,68.0
0.42142215653930354,100.0
