score,N
1.0646966728087135,123.0
1.0908733682607517,246.0
1.1004289866729302,368.0
1.1008275170820276,492.0
