score,N
0.23327452253264083,123.0
0.07508185370290746,246.0
0.0038617630232250554,368.0
-0.035277931681666874,492.0
