score,N
0.5689479402694543,4.0
-0.17407997263961433,36.0
-0.35411563941381846,68.0
-0.42736042379415634,100.0
