score,N
-0.2991665280026699,123.0
-0.30142558880459797,246.0
-0.30141419894324883,368.0
-0.30147533885935884,492.0
