score,N
-1.162664085044994,123.0
-1.4469098925370505,246.0
-1.5514813547785298,368.0
-1.5760550592329052,492.0
