score,N
0.4032424082839026,123.0
0.40327517617851455,246.0
0.4033984043779329,368.0
0.40428185935216926,492.0
