score,N
2.4387318257048425,123.0
2.8353288498060487,246.0
2.9804763294677654,368.0
2.998706339748042,492.0
