score,N
0.08069874096432092,123.0
0.08165487414543397,246.0
0.08165487414543397,368.0
0.08165487414543397,492.0
