score,N
1.567922228236745,123.0
1.3268147320564272,246.0
1.3144476636576476,368.0
1.308829561818395,492.0
