score,N
0.7751182958089773,4.0
0.4021745818863151,36.0
0.25098101566106734,68.0
0.1284294714278561,100.0
