score,N
1.238071299287909,123.0
1.216359620063028,246.0
1.2210441297834052,368.0
1.2169325703209053,492.0
