score,N
0.5439467783227244,4.0
0.10755231359305033,36.0
0.054210527770804616,68.0
0.04347227336944401,100.0
