score,N
0.20127238379219786,123.0
0.18570441500122958,246.0
0.1859916530600619,368.0
0.186491313683333,492.0
