score,N
0.22758381445202383,123.0
0.23141250663658028,246.0
0.2312294683754919,368.0
0.2311247534633344,492.0
