score,N
0.5373012624413442,4.0
0.07715207314849713,36.0
0.003835060643758337,68.0
-0.021765883646925995,100.0
