score,N
0.7205703389526219,123.0
0.8047353628837969,246.0
0.8347681323582791,368.0
0.8675246324865971,492.0
