score,N
1.257593468397295,123.0
1.5082195867061299,246.0
1.5586511671720615,368.0
1.5581792818419402,492.0
