score,N
0.8239851017646009,123.0
0.8770546161936972,246.0
0.8911295857732104,368.0
0.8943684747800229,492.0
