score,N
0.4417771038088539,4.0
0.06989440641665134,36.0
0.017372859740495915,68.0
-0.013944983878093724,100.0
