score,N
2.017725373136192,123.0
1.9088491384134492,246.0
1.8635395597992763,368.0
1.8047555485330544,492.0
