score,N
0.7646451943578799,123.0
0.7733499193815963,246.0
0.7737590361271997,368.0
0.774613250569974,492.0
