score,N
-0.4303986465186407,123.0
-0.5240172538166663,246.0
-0.552621091613367,368.0
-0.5559932555557312,492.0
