score,N
1.1273778328144899,123.0
1.1314538115983457,246.0
1.1295635160593422,368.0
1.1301959368027352,492.0
