score,N
-0.08564860611277324,123.0
-0.11378108690654772,246.0
-0.11879022279868504,368.0
-0.11550031679570667,492.0
