score,N
-0.05195842765333581,123.0
-0.05785285601096609,246.0
-0.056574816452902604,368.0
-0.05658683371412414,492.0
