score,N
1.9317443703399415,123.0
2.182884923119222,246.0
2.2295433957960085,368.0
2.1959444083432746,492.0
