score,N
-0.19178040613730216,123.0
-0.16225978639095137,246.0
-0.16310966643778282,368.0
-0.16053675206610887,492.0
