score,N
-0.950391589772959,123.0
-1.1457653464543096,246.0
-1.2275219217245086,368.0
-1.2526376139240722,492.0
