score,N
-0.02552659597168605,123.0
-0.0465966461583748,246.0
-0.05550913520747642,368.0
-0.05880079722401235,492.0
