score,N
1.0097619040090176,123.0
1.0030858749435863,246.0
1.0030893326144878,368.0
1.003089437392394,492.0
