score,N
0.00963995195466576,4.0
-0.6956041088902846,36.0
-0.9059116146258052,68.0
-0.9885402339689533,100.0
