score,N
-0.6966590380919325,123.0
-0.8736419281668588,246.0
-0.9463902783770997,368.0
-0.9840428103508199,492.0
