score,N
0.46568434770607386,4.0
0.02656034613207702,36.0
-0.027863199506724945,68.0
-0.04833723954372295,100.0
