score,N
2.372676535639913,123.0
2.790593089305427,246.0
2.922537138542764,368.0
2.9422847434465207,492.0
