score,N
-0.09279929032539118,4.0
-1.4857620043328383,36.0
-1.8801444015574715,68.0
-2.1181591948917315,100.0
