score,N
0.7633406405114946,123.0
0.803195630376459,246.0
0.804040726693644,368.0
0.8040785463010038,492.0
