score,N
-0.04935829595320239,123.0
-0.04860774630571781,246.0
-0.04848482432762537,368.0
-0.04875456977955045,492.0
