score,N
-0.0002984414766040066,4.0
-0.7065202311535811,36.0
-0.9709405294882247,68.0
-1.1972057463255548,100.0
