score,N
1.09465798868445,123.0
1.0910583611805647,246.0
1.0970676508092827,368.0
1.1034325323221255,492.0
