score,N
2.6778571525951205,123.0
2.945504886019112,246.0
3.0544695154345214,368.0
3.0869397160658076,492.0
