score,N
0.7080738404751149,4.0
0.34544730166382986,36.0
0.2784973452587871,68.0
0.2573725285834794,100.0
