score,N
-1.266737825280499,123.0
-1.7414666298487789,246.0
-1.8734388143190597,368.0
-1.9062162103698561,492.0
