score,N
-0.4360819647808611,123.0
-0.5310574750673406,246.0
-0.5580164713205896,368.0
-0.5660408722047013,492.0
