score,N
0.7604442714188931,123.0
0.8384474363338897,246.0
0.8711397102475564,368.0
0.9012318321746594,492.0
