score,N
-1.055934612934137,123.0
-1.260346268003282,246.0
-1.32345462826265,368.0
-1.3371916171684703,492.0
