score,N
0.5281093922031296,4.0
-0.1649041321534973,36.0
-0.16498887375608687,68.0
-0.18395173328101666,100.0
