score,N
0.9410042553581783,123.0
1.1176384821016971,246.0
1.152797582782718,368.0
1.1720501965966132,492.0
