score,N
0.8974239615149435,4.0
0.6072878083990152,36.0
0.308378769100435,68.0
0.2842225131735039,100.0
