score,N
0.2568311988719447,123.0
0.17039947864550284,246.0
0.13928632518229214,368.0
0.12020975346743916,492.0
