score,N
-0.027184812667357585,123.0
-0.04963788813589605,246.0
-0.0605105528248077,368.0
-0.06287067869457788,492.0
