score,N
0.06072899159001158,4.0
-0.6074996641482467,36.0
-0.7931488623381036,68.0
-0.8942787587725509,100.0
