score,N
0.33871969672333246,4.0
-0.5193271808059694,36.0
-0.8145094619561186,68.0
-0.9592747843504829,100.0
