score,N
0.40802833198397453,4.0
0.056271241996841574,36.0
-0.004268690840235095,68.0
-0.023093299202239084,100.0
