score,N
0.28759184109670916,4.0
0.014393847917495426,36.0
-0.007559289744275668,68.0
-0.016964605171762088,100.0
