score,N
0.3321707284024111,4.0
-0.5316541560812337,36.0
-0.8165987443218189,68.0
-0.94772562112496,100.0
