score,N
0.03563866476009352,123.0
0.037874084165531736,246.0
0.037874084165531736,368.0
0.03787397936571432,492.0
