score,N
0.7909941779084512,4.0
0.30408764420104395,36.0
0.19017726822703762,68.0
0.14981898800735147,100.0
