score,N
0.5372791384414997,4.0
0.10159682268186151,36.0
0.09395499016966265,68.0
0.0961841270248233,100.0
