score,N
0.15477129468229694,123.0
0.10884858933753402,246.0
0.09014327782133345,368.0
0.07855164522311668,492.0
