score,N
0.2801291144229005,123.0
0.09032374502860814,246.0
0.01013579930984707,368.0
-0.03151858138852376,492.0
