score,N
2.3671071972557405,123.0
2.8081544747161633,246.0
2.9338366070465987,368.0
2.957063784893564,492.0
