score,N
-0.0339761442425466,123.0
-0.05857259576740197,246.0
-0.06289102950695111,368.0
-0.06974351130590889,492.0
