score,N
0.2110939204393663,123.0
0.1472475469238049,246.0
0.14602906793759515,368.0
0.14619237987846695,492.0
