score,N
0.711701496891459,123.0
0.8028722418450067,246.0
0.8516269869166508,368.0
0.8902114032144739,492.0
