score,N
-0.025669660430359932,123.0
-0.04996641835154626,246.0
-0.05854242853070665,368.0
-0.06283894434870767,492.0
