score,N
0.1005346573368125,123.0
0.06366375465406278,246.0
0.05081989394514201,368.0
0.046338506009628404,492.0
