score,N
0.5703977743118761,4.0
0.0039060372539384213,36.0
-0.03747592638599199,68.0
-0.062002952556396214,100.0
