score,N
0.42554708854505957,4.0
-0.524314872281197,36.0
-0.8169617476891263,68.0
-1.0054006903637691,100.0
