score,N
0.23711023831799885,123.0
0.0734296612497791,246.0
0.0019301022058237902,368.0
-0.03489035426020335,492.0
