score,N
0.2955082350782435,123.0
0.20556458248795761,246.0
0.15751381389861038,368.0
0.12085356713185379,492.0
