score,N
0.5704539262485815,4.0
-0.011634115754660187,36.0
-0.0558087812388257,68.0
-0.08871678443535164,100.0
