score,N
-1.2123401073829443,123.0
-1.5654985081067734,246.0
-1.6898521232187003,368.0
-1.7215137005905694,492.0
