score,N
-0.10350890939450431,4.0
-1.536253561717395,36.0
-1.9643120896158077,68.0
-2.217085022131873,100.0
