score,N
-0.9360702388265276,123.0
-1.1459562251403905,246.0
-1.224610409488881,368.0
-1.2467420880485465,492.0
