score,N
2.1896187458750447,123.0
2.386160963055901,246.0
2.3834662791963894,368.0
2.399211992686202,492.0
