score,N
0.5657629355208835,4.0
0.001070403377101853,36.0
-0.039961250502160345,68.0
-0.07836137421295135,100.0
