score,N
0.44883101433797995,4.0
0.07528159396718494,36.0
0.012991898162755974,68.0
-0.017130879875665448,100.0
