score,N
0.7774524568106346,4.0
0.44819967455087073,36.0
0.3829666560267908,68.0
0.3195713191985354,100.0
