score,N
2.642851488881195,123.0
2.9355493950912415,246.0
3.0254962530865,368.0
3.0529237595291727,492.0
