score,N
0.8189021541013036,4.0
0.2967734748747782,36.0
0.23348834102076146,68.0
0.19405134215049188,100.0
