score,N
-2.3215730378873887,123.0
-2.791266006406107,246.0
-2.903963012881924,368.0
-2.9125947945293627,492.0
