score,N
0.2368943654384475,123.0
0.16231779860960519,246.0
0.14835681459398972,368.0
0.1460457079824543,492.0
