score,N
-0.08288070727868345,123.0
-0.0975446778293598,246.0
-0.10132722516815287,368.0
-0.10015830912377816,492.0
