score,N
0.5722811419714129,4.0
-0.19914388532817442,36.0
-0.3486235464552014,68.0
-0.4357329347437705,100.0
