score,N
0.7584090609188306,123.0
0.8043388220348299,246.0
0.8043013520792084,368.0
0.8042719364131129,492.0
