score,N
-0.022241046614884057,123.0
-0.03729793110371537,246.0
-0.04374385406573133,368.0
-0.04653342413187839,492.0
