score,N
-2.4142933384410616,123.0
-2.7519810348790803,246.0
-2.8683611184893913,368.0
-2.8891786987782084,492.0
