score,N
0.2537784682971213,123.0
0.1654794147513639,246.0
0.12760110812459757,368.0
0.10273014389911632,492.0
