score,N
-1.3226448966739708,123.0
-1.7915016317045867,246.0
-1.8916790623830784,368.0
-1.9466940746974042,492.0
