score,N
-0.05532716359403728,123.0
-0.054681476918960005,246.0
-0.05454265054905824,368.0
-0.05488347408900153,492.0
