score,N
0.8128647872238972,4.0
0.38177142284933063,36.0
0.2891719961591838,68.0
0.2383445016863863,100.0
