score,N
0.08441337048866,4.0
-0.5486065560523065,36.0
-0.6578849469713212,68.0
-0.7067641066443022,100.0
