score,N
0.21374164431876652,123.0
0.1502414958218665,246.0
0.1252563329555931,368.0
0.12162887456176633,492.0
