score,N
0.2039228636121445,123.0
0.19012001005890794,246.0
0.18995975633504772,368.0
0.19043684502545663,492.0
