score,N
-0.47751343948219,123.0
-0.5668472139334726,246.0
-0.6001426381089948,368.0
-0.6091708871546424,492.0
