score,N
0.27592116051114735,4.0
0.017294238853228467,36.0
-0.0019064300478978337,68.0
-0.012069731683277426,100.0
