score,N
1.2144070511574039,123.0
1.1599264083889957,246.0
1.1543357710905304,368.0
1.1543287801187905,492.0
