score,N
0.8108159635991428,4.0
0.25144549974347474,36.0
0.22050277384682637,68.0
0.16930052877231824,100.0
