score,N
1.0513544885924202,123.0
1.0628378732905435,246.0
1.0623373999145702,368.0
1.060291943345059,492.0
