score,N
-0.031971915233099404,123.0
-0.06286337721698913,246.0
-0.0742424005065864,368.0
-0.07920341862566159,492.0
