score,N
0.08059923861760993,123.0
0.07800238370097129,246.0
0.0780062604834972,368.0
0.0780061557055911,492.0
