score,N
0.5462264543779296,4.0
0.07197528286793224,36.0
0.005366496056722439,68.0
-0.023147767769774508,100.0
