score,N
0.38223995973823194,4.0
-0.3290943705211233,36.0
-0.527302594438377,68.0
-0.6379056963363836,100.0
