score,N
0.7041916806718481,4.0
0.2940906253796598,36.0
0.21083235217424778,68.0
0.1831441744938912,100.0
