score,N
0.4016386513969001,123.0
0.4017933219480455,246.0
0.4019195753375632,368.0
0.40283263613892567,492.0
