score,N
-0.05223321265002167,4.0
-0.9476353660371314,36.0
-1.0035732853542263,68.0
-0.9152709428706773,100.0
