score,N
-0.17889228974620527,123.0
-0.15562394268658922,246.0
-0.14907046726666487,368.0
-0.15081674412540594,492.0
