score,N
0.7727221180644626,4.0
0.4585461868934383,36.0
0.4210290907795397,68.0
0.41984848265696156,100.0
