score,N
0.4847908513209292,4.0
-0.21018275223209412,36.0
-0.19480595310084747,68.0
-0.20223427626366067,100.0
