score,N
2.795817259147229,123.0
3.121528916160264,246.0
3.1970243946120114,368.0
3.2114432655461633,492.0
