score,N
-0.7578174251517483,123.0
-0.8387803807897622,246.0
-0.8540053776714998,368.0
-0.8594298527663198,492.0
