score,N
-2.378728977465224,123.0
-2.637981634825189,246.0
-2.7718295715090115,368.0
-2.7886319002970974,492.0
