score,N
0.1744092037595606,123.0
0.15266908716143346,246.0
0.151399303016468,368.0
0.15156392408233058,492.0
