score,N
1.0993608993108563,123.0
1.0900868140917466,246.0
1.0983131836254896,368.0
1.1000842414462764,492.0
