score,N
-0.6795823622864714,123.0
-0.8699379594094916,246.0
-0.9474358571675857,368.0
-0.9867661026154508,492.0
