score,N
-0.05896261139657666,123.0
-0.06113494822345063,246.0
-0.0564918015337248,368.0
-0.05653008278688175,492.0
