score,N
0.2966795000454266,123.0
0.27746482265467876,246.0
0.2741152670490719,368.0
0.27414585001406944,492.0
