score,N
0.2007071349101723,123.0
0.20102522495749212,246.0
0.2009583993172989,368.0
0.20141147715780902,492.0
