score,N
-0.06330592207941757,123.0
-0.09303315148638178,246.0
-0.09610747350526305,368.0
-0.09694416269205167,492.0
