score,N
0.13052489445223242,123.0
-0.046162391311291566,246.0
-0.11407868929730852,368.0
-0.1481569235706786,492.0
