score,N
0.23127226842189552,123.0
0.22969196801749583,246.0
0.2292356554734882,368.0
0.22905467075139233,492.0
