score,N
1.950708946353761,123.0
2.2181487363910013,246.0
2.246976227923009,368.0
2.2251623986070688,492.0
