score,N
0.49824418234208084,4.0
0.018559298009206877,36.0
-0.028594218388367898,68.0
-0.05217196939194168,100.0
