score,N
0.07788277052939907,4.0
-0.5351598038466,36.0
-0.650764506951679,68.0
-0.72312376035286,100.0
