score,N
0.42748277717086197,123.0
0.448219998450689,246.0
0.44943160005545624,368.0
0.44973489414055917,492.0
