score,N
1.1308693592124484,123.0
1.1312035645570127,246.0
1.1297043125289976,368.0
1.1322798428125036,492.0
