score,N
0.783813082275963,123.0
0.9501137231923941,246.0
1.0155377601659417,368.0
1.0503987637235017,492.0
