score,N
0.935478155054177,123.0
1.0808377111080976,246.0
1.1400261336530944,368.0
1.173679565568923,492.0
