score,N
0.5348065283592838,4.0
0.11471956714618747,36.0
0.07600348117535272,68.0
0.08113206755342331,100.0
