score,N
2.0308996214869124,123.0
2.2232231215878944,246.0
2.244915478522539,368.0
2.251043763582016,492.0
