score,N
-1.0545065767664445,123.0
-1.2407868455833284,246.0
-1.309382601058399,368.0
-1.342786713684781,492.0
