score,N
-0.7349789278997269,123.0
-0.8197409482678222,246.0
-0.8440805793963281,368.0
-0.8509750588078313,492.0
