score,N
0.1410167108474491,123.0
0.13089706591290826,246.0
0.12737753174777325,368.0
0.12746477210247056,492.0
