score,N
-1.056430430215018,123.0
-1.26036411846214,246.0
-1.317251465820621,368.0
-1.3410019134562357,492.0
