score,N
-0.060174191668832075,123.0
-0.05962722468848851,246.0
-0.05559968623185029,368.0
-0.05560212195283421,492.0
