score,N
1.4255436374463701,123.0
1.388856282597615,246.0
1.3291574025378048,368.0
1.3237027799956462,492.0
