score,N
0.22307461544456195,123.0
0.21306624410409988,246.0
0.21366886972985324,368.0
0.21419667271079829,492.0
