score,N
-1.367460031411382,123.0
-1.8281948191426272,246.0
-1.9990598623854867,368.0
-2.025933079147907,492.0
