score,N
1.1248054177737865,123.0
1.1272676247969944,246.0
1.1216792263299054,368.0
1.1246721822541965,492.0
