score,N
-0.1112422167572428,4.0
-1.4563960944179395,36.0
-1.8115942997344694,68.0
-2.044439702549502,100.0
