score,N
0.4995047996668852,4.0
-0.210690554938458,36.0
-0.17854192616849351,68.0
-0.20098579640675457,100.0
