score,N
-0.05901543493775354,123.0
-0.08474063000543441,246.0
-0.08320802509658196,368.0
-0.08396472897693427,492.0
