score,N
1.127966764850221,123.0
1.1362590923156677,246.0
1.1365442390448268,368.0
1.1371446622384493,492.0
