score,N
0.44141863617322064,4.0
-0.4548908809757083,36.0
-0.7334820372763492,68.0
-0.9438390766844876,100.0
