score,N
0.4097716863429557,4.0
0.054167595317071306,36.0
-0.0021065699077909335,68.0
-0.025299523623072057,100.0
