score,N
-0.060990938419291124,4.0
-1.5208943532602845,36.0
-1.9111643639934572,68.0
-2.1898967672115224,100.0
