score,N
-0.7361176085079738,123.0
-0.8259892915753021,246.0
-0.8459949403609357,368.0
-0.8502550305411108,492.0
