score,N
1.1988509899825883,123.0
1.2085828110170935,246.0
1.2038318170849267,368.0
1.2029140492258248,492.0
