score,N
-0.03449966660900274,123.0
-0.06110072810443471,246.0
-0.07144394729335025,368.0
-0.07773702431588243,492.0
