score,N
0.7963452435287449,4.0
0.3793355829044444,36.0
0.3137497359871446,68.0
0.26084782376060345,100.0
