score,N
2.653313365308715,123.0
2.9412286826498315,246.0
3.0136120925903183,368.0
3.0378682199730513,492.0
