score,N
0.13953275837018683,123.0
0.08571220018231962,246.0
0.06008009070668233,368.0
0.051537832283091035,492.0
