score,N
0.8653224391834179,123.0
0.9301383607298025,246.0
0.9485331525438838,368.0
0.9600705110242681,492.0
