score,N
1.8762733830731264,123.0
2.020448901454743,246.0
2.0348505247681503,368.0
2.043868075307525,492.0
