score,N
0.22965254313962366,123.0
0.1809820950419897,246.0
0.1612867679671137,368.0
0.16128533711460458,492.0
