score,N
0.40356900808703516,123.0
0.40349369383232714,246.0
0.4034237509163368,368.0
0.4043010695735567,492.0
