score,N
0.4213397862595386,123.0
0.42146148391784505,246.0
0.4214724018383413,368.0
0.42141615454112497,492.0
