score,N
0.9705575449453452,123.0
1.0031890072893075,246.0
1.0155108182836672,368.0
1.021127970157022,492.0
