score,N
2.095007750837203,123.0
2.3161867780896146,246.0
2.339101965945223,368.0
2.3117712620918893,492.0
