score,N
-1.1632476361885544,123.0
-1.4320580688412312,246.0
-1.5630395192382553,368.0
-1.5774460398359302,492.0
