score,N
0.13830299231033383,123.0
0.12592714159232396,246.0
0.1246408483784265,368.0
0.12469877029302208,492.0
