score,N
0.8364397182209674,4.0
0.4325619223577603,36.0
0.29250448104190446,68.0
0.2323287828731904,100.0
