score,N
-0.29830172492072105,123.0
-0.2993591879102054,246.0
-0.2995013005151128,368.0
-0.29971868688896075,492.0
