score,N
-0.44379243640352556,123.0
-0.5302132043409051,246.0
-0.5574968884495979,368.0
-0.5616678687182187,492.0
