score,N
0.8258282138514057,123.0
0.8360697078076854,246.0
0.8368182809157892,368.0
0.8368592510580695,492.0
