score,N
0.5840582622413321,4.0
-0.16809742240228587,36.0
-0.3326870353797095,68.0
-0.40232274324888906,100.0
