score,N
0.8970581708500095,4.0
0.5685150679702717,36.0
0.4207648906082475,68.0
0.32920667180047286,100.0
