score,N
0.8130069769081126,4.0
0.2512227981366246,36.0
0.1543635800216285,68.0
0.1227999980512814,100.0
