score,N
0.9476729533701279,123.0
0.9910494522122254,246.0
1.0099642288810655,368.0
1.017272089543916,492.0
