score,N
-0.15263558409807024,123.0
-0.15074980830537896,246.0
-0.14854707690819682,368.0
-0.14578210698863872,492.0
