score,N
0.5132430361687809,4.0
0.026323605497602556,36.0
-0.05102714274676605,68.0
-0.06971133644717044,100.0
