score,N
0.35240824862943315,123.0
0.3517911350724018,246.0
0.35198886765157517,368.0
0.3520401158362421,492.0
