score,N
0.3549462003702747,4.0
-0.008350061138021926,36.0
-0.04715789193825601,68.0
-0.06522596858621726,100.0
