score,N
-0.7015281377766074,123.0
-0.8693597453673895,246.0
-0.9426230628436016,368.0
-0.9716354012714042,492.0
