score,N
0.7890720444231157,4.0
0.2563847226010404,36.0
0.16503285671080434,68.0
0.13640978410052648,100.0
