score,N
2.45679985398072,123.0
2.837577996899128,246.0
3.004885045103519,368.0
3.0192281089813844,492.0
