score,N
-0.038795587336773754,123.0
-0.06332140208460608,246.0
-0.07204931789486513,368.0
-0.07406368753859287,492.0
