score,N
0.8377131549099958,4.0
0.5068884980855772,36.0
0.3641567118353311,68.0
0.2782417291569765,100.0
