score,N
0.07741437851722209,4.0
-0.8268034128701682,36.0
-0.8714001013160055,68.0
-0.8143935934882907,100.0
