score,N
0.5806316573664946,4.0
0.016331458000065833,36.0
-0.038316692961070827,68.0
-0.06254548170337779,100.0
