score,N
-0.44939517005302687,123.0
-0.5330992969404993,246.0
-0.5682153808440769,368.0
-0.5726036423303562,492.0
