score,N
0.8264205875140614,123.0
0.8762658967210776,246.0
0.8941844922352594,368.0
0.8979808383891698,492.0
