score,N
0.8421194271049957,4.0
0.5139643364620547,36.0
0.37016805329035196,68.0
0.28586219566906945,100.0
