score,N
0.8631569415985031,123.0
1.0607377395103479,246.0
1.1344519668386386,368.0
1.1617469774897493,492.0
