score,N
0.4834769112561279,4.0
0.030274220950029376,36.0
-0.017324496688821172,68.0
-0.0378796028911682,100.0
