score,N
-0.039996885190789776,4.0
-0.7444496980321378,36.0
-1.0487611041823413,68.0
-1.207416569784865,100.0
