score,N
-1.0671868519240209,123.0
-1.2753932588293373,246.0
-1.3223011254202095,368.0
-1.3314968444483044,492.0
