score,N
0.7778715756175634,123.0
0.7764593396760452,246.0
0.7770309112911467,368.0
0.7779296675924627,492.0
