score,N
0.2775857888053551,4.0
0.018604406143725064,36.0
-0.0011015818190376326,68.0
-0.011903999583139277,100.0
