score,N
0.001999275541722706,4.0
-0.742610571687967,36.0
-0.9142496397294785,68.0
-1.015288657901811,100.0
