score,N
-0.0741796317293985,123.0
-0.06807048547082221,246.0
-0.0632508168160109,368.0
-0.06327257443213992,492.0
