score,N
0.12492873858527608,123.0
0.0793370492817389,246.0
0.05396687946177436,368.0
0.05036544816502222,492.0
