score,N
0.17827790966390836,123.0
0.1579982910079935,246.0
0.15649750702197004,368.0
0.15666899525495528,492.0
