score,N
-2.2146419481948527,123.0
-2.483428367550358,246.0
-2.598686671203797,368.0
-2.6324563732181505,492.0
