score,N
2.7984467565096516,123.0
3.0793158612541327,246.0
3.167215145708121,368.0
3.180034894193594,492.0
