score,N
0.06072287447601962,4.0
-0.5992929972472869,36.0
-0.7928864053968572,68.0
-0.8851235165361423,100.0
