score,N
-2.1934254342990993,123.0
-2.6628185699144136,246.0
-2.774799473317487,368.0
-2.7783360660017817,492.0
