score,N
0.44422823078975615,4.0
0.07731846346684103,36.0
0.0177000152649972,68.0
-0.012982638185424713,100.0
