score,N
0.7736605309858855,4.0
0.4582857113567357,36.0
0.4211653590239044,68.0
0.42036086337880146,100.0
