score,N
1.352890856974766,123.0
1.4952459083618619,246.0
1.5821927918279348,368.0
1.602944915697203,492.0
