score,N
0.3715801219945203,123.0
0.370626623039456,246.0
0.37088825905532635,368.0
0.37094715916982895,492.0
