score,N
1.3560145692853685,123.0
1.5124592929536538,246.0
1.5727133977165186,368.0
1.594680124911189,492.0
