score,N
0.420241975253624,123.0
0.42042831064201186,246.0
0.42040534493588,368.0
0.4203062908296346,492.0
