score,N
-0.14798796894386235,4.0
-1.4780847639302563,36.0
-1.8259999180023032,68.0
-2.0964258018794313,100.0
