score,N
0.8221924702050698,123.0
0.8676650023932696,246.0
0.8818193940979654,368.0
0.8837880646149111,492.0
