score,N
2.189014358570729,123.0
2.0673313654173366,246.0
2.0606010184108965,368.0
2.034277371404135,492.0
