score,N
1.2724698383613753,123.0
1.51875926813151,246.0
1.5703575340244578,368.0
1.5711013129832445,492.0
