score,N
1.0116610730120166,123.0
0.9868937165521567,246.0
0.9856695901031213,368.0
0.9856695901031213,492.0
