score,N
1.2076330471678856,123.0
1.201423730092333,246.0
1.1954141421374616,368.0
1.1954165040487188,492.0
