score,N
0.9405634573678372,123.0
1.0940921816806768,246.0
1.1410754092927546,368.0
1.1606063073258701,492.0
