score,N
1.1307370637698437,123.0
1.1359594615258577,246.0
1.136789689550804,368.0
1.1333023554473134,492.0
