score,N
0.7012899308018118,4.0
0.34106883148882217,36.0
0.25489352204726085,68.0
0.2470666299158867,100.0
