score,N
0.7756762796455747,123.0
0.7659077075621276,246.0
0.7658615978703942,368.0
0.7668335768070048,492.0
