score,N
0.7165232092828878,4.0
0.35312330145352194,36.0
0.2779595565246892,68.0
0.25530371837449617,100.0
