score,N
0.18028833042232983,123.0
0.11291002175285539,246.0
0.0944882011327289,368.0
0.08235564581922605,492.0
