score,N
0.8373981352206655,123.0
0.86195241996109,246.0
0.8634369603959097,368.0
0.8634208011767895,492.0
