score,N
0.8916051020363368,123.0
0.9366072603484186,246.0
0.9508159009619102,368.0
0.9613559659701141,492.0
