score,N
-0.0038280109287937942,4.0
-0.786947314458013,36.0
-0.7543283856270374,68.0
-0.7588140398318871,100.0
