score,N
1.9026314225828438,123.0
2.0923576660063965,246.0
2.1310010290998402,368.0
2.128505136158755,492.0
