score,N
1.0362499635617106,123.0
1.0482051589776804,246.0
1.0493128931990097,368.0
1.0502239251054089,492.0
