score,N
0.3943163324984597,123.0
0.3940831119978067,246.0
0.39375437398328333,368.0
0.39452663108225927,492.0
