score,N
0.7970767319039473,4.0
0.3878528361714709,36.0
0.3234037152433455,68.0
0.27918534613164436,100.0
