score,N
0.45418857579291877,4.0
0.07344841211146616,36.0
0.011377318503189657,68.0
-0.015951855291509862,100.0
