score,N
1.0456577911054707,123.0
1.053502190225449,246.0
1.054452743789012,368.0
1.054061724678505,492.0
