score,N
0.8126848916098238,4.0
0.2594388233088732,36.0
0.20773776861188006,68.0
0.17197201342661086,100.0
