score,N
0.798277045287128,4.0
0.359661943955812,36.0
0.2874601810090307,68.0
0.20617748181639056,100.0
