score,N
-0.06313567533767955,123.0
-0.08152911102344183,246.0
-0.08216906537298256,368.0
-0.08289886978609387,492.0
