score,N
-0.015217586806090777,123.0
-0.02897292895469617,246.0
-0.03443590591576808,368.0
-0.03766750957482148,492.0
