score,N
-0.11236132924019841,123.0
-0.12250137310546792,246.0
-0.1193827814896129,368.0
-0.12276054668034218,492.0
