score,N
0.08964170349029435,123.0
-0.06434409679706894,246.0
-0.14025424097224132,368.0
-0.1711597536225449,492.0
