score,N
0.7982976517793136,4.0
-0.1605729632613421,36.0
-0.28257064991437014,68.0
-0.2858758151995957,100.0
