score,N
0.21536504838515888,123.0
0.1490950545371745,246.0
0.14861144697910564,368.0
0.14866082327576582,492.0
