score,N
-0.034376199072265384,123.0
-0.05652977599883936,246.0
-0.06644815014195446,368.0
-0.07034648072240804,492.0
