score,N
-0.9976232380031542,123.0
-1.2072356564698536,246.0
-1.2653915426592084,368.0
-1.2888158329938304,492.0
