score,N
0.22407080819428477,123.0
0.2233691497545687,246.0
0.22287444294653613,368.0
0.22272143197897784,492.0
