score,N
0.9580655622908988,123.0
1.1231373916929357,246.0
1.1658633544036756,368.0
1.1772636815186637,492.0
