score,N
0.5492400713925353,4.0
0.07495821792817091,36.0
0.003836202489327121,68.0
-0.02066478347143686,100.0
