score,N
0.9987852731798563,123.0
1.2166451735424548,246.0
1.28226774421075,368.0
1.3008981713263756,492.0
