score,N
0.4016953560627923,123.0
0.4016640186470337,246.0
0.4018732249133478,368.0
0.4027449273616985,492.0
