score,N
-0.21350968825165878,4.0
-1.5925882445858504,36.0
-1.9813349172240131,68.0
-2.3112679922570925,100.0
