score,N
0.3420411706973696,4.0
-0.48087949734956165,36.0
-0.8234442182055416,68.0
-0.9657614920406883,100.0
