score,N
-1.0388033503911236,123.0
-1.2364662256140577,246.0
-1.267394879871036,368.0
-1.2827241121687551,492.0
