score,N
0.029915282567991683,4.0
-0.649696612953463,36.0
-0.8546473868291042,68.0
-0.9367995758530353,100.0
