score,N
0.9514793889480627,123.0
0.9869634853324094,246.0
1.0072444204399214,368.0
1.010786436112734,492.0
