score,N
0.8438974356316702,4.0
0.42216136715358077,36.0
0.29948006191224164,68.0
0.2233921691235431,100.0
