score,N
0.21681322549096035,123.0
0.21719674801299463,246.0
0.21697786684089823,368.0
0.2168749393043612,492.0
