score,N
0.5535267958921257,4.0
0.1034107678871081,36.0
0.052186844129751074,68.0
0.038726342480721924,100.0
