score,N
0.5831967961751584,4.0
0.08765650150577178,36.0
0.0781627979808006,68.0
0.06707669134825696,100.0
