score,N
0.8796493968236315,4.0
0.5511500417715415,36.0
0.40472428216575,68.0
0.3101034174093095,100.0
