score,N
0.4807282769069856,4.0
0.01052667515115252,36.0
-0.0329373625174857,68.0
-0.05517254016539152,100.0
