score,N
1.1338810801756323,123.0
1.1364604574823702,246.0
1.1317599321485128,368.0
1.134049671016393,492.0
