score,N
0.7577407053389982,123.0
0.8022689285323306,246.0
0.8027823352140919,368.0
0.8028507200121359,492.0
