score,N
1.1199509223192676,123.0
1.1267490606545438,246.0
1.1268066352711708,368.0
1.1288800953221154,492.0
