score,N
0.7852083861422665,4.0
0.24976547231217672,36.0
0.16484764635490173,68.0
0.12529984536606492,100.0
