score,N
1.3837368243627488,123.0
1.328858657768875,246.0
1.3132408904656465,368.0
1.310370956515608,492.0
