score,N
-0.031195805856553044,123.0
-0.05342398992547311,246.0
-0.06407033208596394,368.0
-0.06767578503383456,492.0
