score,N
0.3307694128803047,123.0
0.35497412219018526,246.0
0.3581919357927259,368.0
0.3584261269341211,492.0
