score,N
0.9516783895233326,123.0
0.992235755343872,246.0
1.0075456116939263,368.0
1.0102513611760302,492.0
