score,N
0.16912821937889316,123.0
0.14844003355033691,246.0
0.1477126399225644,368.0
0.14790568567771548,492.0
