score,N
0.874844628102431,4.0
-0.04426423153442258,36.0
-0.08327178729368265,68.0
-0.08441739775509208,100.0
