score,N
0.2829964300730964,123.0
0.2012302454522683,246.0
0.1717948568351686,368.0
0.13924004552653618,492.0
