score,N
-1.3702891787578808,123.0
-1.8424853431128148,246.0
-2.012704666032061,368.0
-2.034059365340761,492.0
