score,N
0.8167153290661684,123.0
0.8259267967988616,246.0
0.8265984299394534,368.0
0.8266815545819187,492.0
