score,N
0.3777126636957171,4.0
-0.32670888783053836,36.0
-0.5290294736452346,68.0
-0.6295709398271419,100.0
