score,N
0.07500445611530529,4.0
-0.5592099165413783,36.0
-0.6714289395558469,68.0
-0.7221641083355409,100.0
