score,N
1.2072444178891857,123.0
1.1954022872006118,246.0
1.1915664080359238,368.0
1.1915573759542415,492.0
