score,N
1.0952817814297604,123.0
1.09034396083748,246.0
1.099299768272532,368.0
1.1007068275890703,492.0
