score,N
0.6588183987771792,4.0
0.30652267706640884,36.0
0.2361211326216097,68.0
0.1842833220858526,100.0
