score,N
-0.03447964196977153,123.0
-0.06314310481667008,246.0
-0.07409565722844677,368.0
-0.07693772307779252,492.0
