score,N
-2.341788976345401,123.0
-2.8131976254002242,246.0
-2.9410230049877875,368.0
-2.965304033746776,492.0
