score,N
0.47924941397682697,4.0
0.022639967042538702,36.0
-0.02470876276544262,68.0
-0.049416274392920415,100.0
