score,N
1.3417146967241063,123.0
1.5228483766442178,246.0
1.582783846506568,368.0
1.594981981993501,492.0
