score,N
1.2060124574111037,123.0
1.1950790758276393,246.0
1.1856143023198324,368.0
1.1857069159638338,492.0
