score,N
1.1214401525411706,123.0
1.12896292148013,246.0
1.133543726119526,368.0
1.134239657102059,492.0
