score,N
2.0694829517001354,123.0
2.3390792014228756,246.0
2.3330081390143853,368.0
2.3199578625527044,492.0
