score,N
-0.1104602859055171,123.0
-0.11090821910374225,246.0
-0.11078354402376288,368.0
-0.11072839339557904,492.0
