score,N
2.220712972671974,123.0
2.5004591927376416,246.0
2.6273804161996512,368.0
2.6394705216553134,492.0
