score,N
1.320798864529642,123.0
1.4697745264993822,246.0
1.5292109845921844,368.0
1.5457901774025349,492.0
