score,N
0.413992750788717,4.0
0.03669172258675693,36.0
0.011007265096033881,68.0
-0.002617093056144517,100.0
