score,N
-1.3338163063234088,123.0
-1.7442146273159926,246.0
-1.8526842412988187,368.0
-1.8714116232630205,492.0
