score,N
0.8296896630419073,123.0
0.8487440917679246,246.0
0.8499829411631186,368.0
0.8499680336881378,492.0
