score,N
0.3114042731047258,123.0
0.3112963281982002,246.0
0.31202003560413843,368.0
0.3120285303088746,492.0
