score,N
0.23268065997262244,4.0
-0.2958264781350472,36.0
-0.5989845233585803,68.0
-0.711147115840583,100.0
