score,N
-0.008257838103858765,123.0
-0.027227992696827914,246.0
-0.0338301049394127,368.0
-0.034754945826752794,492.0
