score,N
0.5837407006075348,4.0
-0.0296036299398313,36.0
-0.009974749145620503,68.0
-0.03396906303723803,100.0
