score,N
1.3452099507446074,128.0
1.5923087887263754,245.0
1.6459657227074216,368.0
1.6507445096339848,512.0
