score,N
1.3211791342823291,123.0
1.5923496645883672,246.0
1.6459656516852543,368.0
1.650097555367262,492.0
