score,N
0.45782052196655415,4.0
0.002685465895478122,36.0
-0.0648007721700855,68.0
-0.03580046209302062,100.0
