score,N
1.080475002522217,123.0
1.0980877268526175,246.0
1.1050521604043988,368.0
1.106628993025598,492.0
