score,N
0.9371263564611613,4.0
0.4952803711417234,36.0
0.16112027703259527,68.0
0.14752422504280746,100.0
