score,N
0.8187868590312992,4.0
0.27230814710713575,36.0
0.16798421154970275,68.0
0.14423707639979674,100.0
