score,N
0.8918314945122616,4.0
0.3394863068887882,36.0
0.2746941546809448,68.0
0.2385464527950635,100.0
