score,N
0.4084113107214297,123.0
0.23505763077979835,246.0
0.14597833073798286,368.0
0.08756747337754887,492.0
