score,N
0.3244927947676544,123.0
0.2464628182981297,246.0
0.19736724326295293,368.0
0.1560661853475066,492.0
