score,N
1.162389333831762,123.0
1.144641932994659,246.0
1.1430199499887297,368.0
1.14770966284736,492.0
