score,N
1.0143954724935593,123.0
1.033069811981252,246.0
1.0391429671666295,368.0
1.039561242046225,492.0
