score,N
0.8626603184078111,4.0
0.5532922300376977,36.0
0.40843524043655793,68.0
0.32474497112388623,100.0
