score,N
0.19976840390890852,123.0
0.17352458009243107,246.0
0.17347478156526508,368.0
0.173099680428986,492.0
