score,N
-0.04728021092001865,123.0
-0.0694225434199252,246.0
-0.06116695945773443,368.0
-0.06030720021801133,492.0
