score,N
0.06343551071545916,123.0
0.051105117691649944,246.0
0.049883086986177876,368.0
0.04995571314634043,492.0
