score,N
0.8528449991364643,4.0
0.44888788361007553,36.0
0.37646395854775655,68.0
0.34145251369565544,100.0
