score,N
0.9366021391249535,4.0
0.695407196600896,36.0
0.556727473276909,68.0
0.46012412176883233,100.0
