score,N
2.2391381386955787,128.0
2.497797209407688,245.0
2.627380731395694,368.0
2.640362651723405,512.0
