score,N
0.14628884590877328,4.0
-1.0115874466848231,36.0
-1.3674145237635613,68.0
-1.5052962129486296,100.0
