score,N
-0.008057765012314828,123.0
-0.024053740274584522,246.0
-0.0313128137127882,368.0
-0.034588192028559325,492.0
