score,N
-0.01997692640682281,123.0
-0.04935880151453869,246.0
-0.06100405427382164,368.0
-0.06666113322585913,492.0
