score,N
1.050627768244666,123.0
1.261134791079725,246.0
1.344071054754209,368.0
1.3749180923625937,492.0
