score,N
0.7461738497383276,123.0
0.7504176519465003,246.0
0.7506088400605191,368.0
0.7507853213965364,492.0
