score,N
-0.021350330720670937,123.0
0.006086212718902884,246.0
0.007762676351472354,368.0
0.007762676351472354,492.0
