score,N
0.21354781056902256,123.0
0.21421046254356205,246.0
0.1491507704264558,368.0
0.14815405049546604,492.0
