score,N
0.10509032093983979,4.0
-0.8114241239428561,36.0
-0.690007896239754,68.0
-0.6992569806326625,100.0
