score,N
0.18560069628090298,123.0
0.14885662680916245,246.0
0.14584693619458136,368.0
0.14553920640285037,492.0
