score,N
0.8117926816563512,4.0
0.17070016062586793,36.0
0.1232235013514837,68.0
0.1231584290519619,100.0
