score,N
0.08278122001971353,123.0
0.032597023578730275,246.0
0.015148379817789572,368.0
0.008535120981230064,492.0
