score,N
0.043136354389619706,123.0
-0.1144875618143623,246.0
-0.19490050106855764,368.0
-0.24030008158616328,492.0
