score,N
1.1695967080918803,123.0
1.129695201783394,246.0
1.1289953019439867,368.0
1.1289962430912381,492.0
