score,N
0.14581070502869656,123.0
0.13919888071616018,246.0
0.1372634671379592,368.0
0.13712666116177386,492.0
