score,N
0.7256058688528212,4.0
-0.11987323307248945,36.0
-0.2269303393591716,68.0
-0.24371639388765934,100.0
