score,N
-1.6076579617227782,123.0
-1.903792610044858,246.0
-2.0610750286013766,368.0
-2.0918124484998537,492.0
