score,N
-0.8141022812730603,123.0
-0.9738793435276635,246.0
-1.0525232001737408,368.0
-1.1050228915584064,492.0
