score,N
0.8143781572648993,4.0
0.3338498442499812,36.0
0.23208148171482823,68.0
0.10226260266720658,100.0
