score,N
-0.7865881661339894,123.0
-0.858339412494227,246.0
-0.8665249321725802,368.0
-0.8675950333024236,492.0
