score,N
-0.31750408977348743,123.0
-0.26318073969682676,246.0
-0.25609620997356325,368.0
-0.2562696911966437,492.0
