score,N
0.25268683779417295,123.0
0.23875844292109827,246.0
0.2385242105787826,368.0
0.23854680879863846,492.0
