score,N
0.44369283752425215,4.0
-0.4071426277610264,36.0
-0.5660144027770246,68.0
-0.6449279094702817,100.0
