score,N
0.2088338955798474,123.0
0.15493460425109815,246.0
0.10974763146798178,368.0
0.0882473480253601,492.0
