score,N
0.41867251171978065,4.0
0.02654226670928703,36.0
-0.01433075646572508,68.0
-0.03897242113625751,100.0
