score,N
1.3027173062887032,123.0
1.209920095914018,246.0
1.2121983265913838,368.0
1.212750445805878,492.0
