score,N
-0.24501939871902081,123.0
-0.24555995200333025,246.0
-0.2458793321826185,368.0
-0.24593527292112505,492.0
