score,N
0.4057061446389918,4.0
0.12058484630129843,36.0
0.06031153648534083,68.0
0.04292145610862454,100.0
