score,N
-0.05040878664294264,123.0
-0.06012142076934689,246.0
-0.06051928724987002,368.0
-0.06214889952675861,492.0
