score,N
-0.018095826349113966,123.0
-0.05003506141609188,246.0
-0.06250634218766506,368.0
-0.06536478188524757,492.0
