score,N
0.27005025097355484,123.0
0.10001233578808615,246.0
0.02160862834797863,368.0
-0.02085049836426633,492.0
