score,N
0.4706746971150734,4.0
-0.2718567814224826,36.0
-0.498740079731744,68.0
-0.6238175791374753,100.0
