score,N
1.503875271348013,123.0
1.37540892491478,246.0
1.373392108453632,368.0
1.373341153206494,492.0
