score,N
0.8244805375854946,4.0
0.37706047545225735,36.0
0.3124330933371469,68.0
0.27385284876934757,100.0
