score,N
1.0568514348120976,123.0
1.0797197213072696,246.0
1.0819901977081692,368.0
1.0857878664819043,492.0
