score,N
0.4066435752981586,4.0
0.01785783453423751,36.0
-0.02131809037779005,68.0
-0.03476124727147707,100.0
