score,N
-0.03564254049391175,123.0
-0.049908803463222996,246.0
-0.049526187890996505,368.0
-0.04952658003568465,492.0
