score,N
1.6602037714931739,123.0
1.8739788714730317,246.0
1.898078575249916,368.0
1.9050088722499219,492.0
