score,N
-0.6796047976473634,123.0
-0.6719530523102396,246.0
-0.6660222053407647,368.0
-0.6467767260181314,492.0
