score,N
2.3780406791880195,123.0
2.755758719697243,246.0
2.831973262953342,368.0
2.8427369550182693,492.0
