score,N
0.795701170491674,123.0
0.8516407476931541,246.0
0.8984713948521871,368.0
0.9201686940590453,492.0
