score,N
0.3423888778240155,4.0
-0.6311713433125545,36.0
-0.978259512588941,68.0
-1.1917250426697004,100.0
