score,N
0.13621749819564172,4.0
-0.5768185300005337,36.0
-0.6959257328203753,68.0
-0.7441590134769879,100.0
