score,N
0.2690151694334629,4.0
-0.4239881148967799,36.0
-0.5939460375305018,68.0
-0.6624323185821108,100.0
