score,N
0.12336014752693476,123.0
0.12353467245189026,246.0
0.06870625671771906,368.0
0.06884216793235884,492.0
