score,N
0.7863148849958606,4.0
0.3468205970234868,36.0
0.190241835212563,68.0
0.09329689956501802,100.0
