score,N
-0.7126979463309973,123.0
-0.9237358180874234,246.0
-0.9805238877240873,368.0
-1.005758642247625,492.0
