score,N
0.967523827211553,123.0
0.8819956243786279,246.0
0.8769863579443263,368.0
0.8769863579443263,492.0
