score,N
0.6712047934430948,123.0
0.7507376706948579,246.0
0.7997876155966875,368.0
0.8418281042583714,492.0
