score,N
0.07746674458309469,4.0
-0.4924419804067697,36.0
-0.6409393763593025,68.0
-0.7533049128756779,100.0
