score,N
-0.6668828142508992,123.0
-0.7539792679283776,246.0
-0.7773366527886907,368.0
-0.785624996031308,492.0
