score,N
0.928962962802013,123.0
1.075389328664602,246.0
1.1540262116359992,368.0
1.184218383793124,492.0
