score,N
-1.9529423324090998,123.0
-2.2792429855553893,246.0
-2.3380784446075418,368.0
-2.349452563209199,492.0
