score,N
0.9951686729726317,123.0
1.011746428189069,246.0
1.0198050591970593,368.0
1.0234958245166568,492.0
