score,N
-0.7161252827901058,123.0
-1.0240957762730198,246.0
-1.0670207846152109,368.0
-1.0985713264944246,492.0
