score,N
1.0627681236048028,128.0
1.2594323438548336,245.0
1.3440711220081103,368.0
1.375993757342829,512.0
