score,N
0.4478337152741413,4.0
0.06697141932182624,36.0
0.012733525387509432,68.0
-0.012089556438931264,100.0
