score,N
0.34151878686928105,123.0
0.3422974199525864,246.0
0.34193838018832856,368.0
0.3416074764192255,492.0
