score,N
0.0066783929252364725,4.0
-1.3470972066613294,36.0
-1.6883352378646466,68.0
-1.8671403697526123,100.0
