score,N
1.330374217857239,128.0
1.4694283559697887,245.0
1.5292110657331999,368.0
1.545810500476487,512.0
