score,N
0.7792953603066721,123.0
0.7997829759506605,246.0
0.7998069795572801,368.0
0.80025624109013,492.0
