score,N
0.8454534213056707,4.0
-0.053113113201383566,36.0
-0.1075405647561392,68.0
-0.1092065011069347,100.0
