score,N
0.8666160505267847,4.0
0.33548042473530093,36.0
0.24173374087709662,68.0
0.20605773357211074,100.0
