score,N
0.8887901121275559,128.0
1.0890267036936665,245.0
1.135177085475079,368.0
1.1651732516292785,512.0
