score,N
0.39910288900899643,4.0
-0.34971947510525403,36.0
-0.336770618790573,68.0
-0.32675052227226903,100.0
