score,N
0.8959919458755513,123.0
1.0913659043646438,246.0
1.1351770350914079,368.0
1.1621407264331287,492.0
