score,N
0.8198128394029716,4.0
0.3551894934452116,36.0
0.2899491501250994,68.0
0.2593163663557019,100.0
