score,N
0.4116373366629334,123.0
0.4442098563239035,246.0
0.4425478998525993,368.0
0.4427287593661075,492.0
