score,N
0.3132114461720751,4.0
0.03673215923098153,36.0
0.012796515403313804,68.0
-0.002240629906770904,100.0
