score,N
1.126151257970911,123.0
1.140951868278814,246.0
1.1400609512247246,368.0
1.1424151487901952,492.0
