score,N
2.1852808784501945,123.0
2.4287664134107843,246.0
2.4994468036880946,368.0
2.475246239255115,492.0
