score,N
0.7708788633195855,4.0
0.29078365630817726,36.0
0.24102559041915095,68.0
0.18563699148267834,100.0
