score,N
1.9228764576204307,123.0
1.9030688578621362,246.0
1.879031063638867,368.0
1.8118427849132888,492.0
