score,N
0.7570767705375823,123.0
0.9265735025588043,246.0
1.0016954084014502,368.0
1.0413552404090491,492.0
