score,N
0.8971759979087512,123.0
0.951020808722339,246.0
0.9602468987304028,368.0
0.9634787399725756,492.0
