score,N
-0.7080105928761248,123.0
-0.9980139971949548,246.0
-1.160860031723447,368.0
-1.197433145225158,492.0
