score,N
1.5836776556036218,123.0
1.6585102718308449,246.0
1.706627504404553,368.0
1.697143476798433,492.0
