score,N
1.1052618538098327,123.0
1.1197438865506033,246.0
1.114927167250864,368.0
1.114435260912305,492.0
