score,N
0.43804208361721014,4.0
0.06877031864836446,36.0
0.01992549628115521,68.0
-0.008269446148151076,100.0
