score,N
0.9484425036366354,123.0
0.9969965608419498,246.0
1.0128449185194892,368.0
1.0191565033962913,492.0
