score,N
0.8733561322638537,123.0
0.9042753163921148,246.0
0.9073579429638269,368.0
0.9086961013005965,492.0
