score,N
0.5037592442297923,4.0
0.06741031875334384,36.0
0.01711315360304525,68.0
-0.009110739897791228,100.0
