score,N
0.17294854156094053,123.0
0.10664007469567159,246.0
0.09480996333718913,368.0
0.08965268054249374,492.0
