score,N
2.4023719876487486,128.0
2.756921883349153,245.0
2.8319736306846996,368.0
2.8456505304140594,512.0
