score,N
0.015491357767557125,123.0
-0.006334297048083785,246.0
-0.0034711392157480273,368.0
-0.005325428247866375,492.0
