score,N
0.5947767644423729,123.0
0.7687223787992954,246.0
0.8570720050112343,368.0
0.9155955843978009,492.0
