score,N
-0.02932963325443388,123.0
-0.05396714740068904,246.0
-0.06368771671472073,368.0
-0.06910347320023921,492.0
