score,N
1.1401633051335454,123.0
1.1404484426758557,246.0
1.1431928704679097,368.0
1.1425676899853012,492.0
