score,N
0.3146203037841151,4.0
-0.4870735530099108,36.0
-0.6100867338552651,68.0
-0.6668176416441463,100.0
