score,N
-0.33741696587781655,123.0
-0.33552393283717447,246.0
-0.3337719990040034,368.0
-0.3337719990040034,492.0
