score,N
0.586350768022227,123.0
0.5861140621213907,246.0
0.5133472715277444,368.0
0.5113740147131505,492.0
