score,N
0.10087236389225172,123.0
0.09692947642911853,246.0
0.09580491582825032,368.0
0.09584145815385506,492.0
