score,N
0.31505819301488563,4.0
-0.6421320704360489,36.0
-0.9972208096680424,68.0
-1.237410105082331,100.0
