score,N
2.3366401331476263,123.0
2.6296125414116,246.0
2.7133867019645272,368.0
2.7294186490130743,492.0
