score,N
-0.7662329551625667,123.0
-0.9269849830610752,246.0
-0.9727335010976159,368.0
-0.9978343700673228,492.0
