score,N
-0.019938530702591446,123.0
-0.048947159068869935,246.0
-0.06183268609523613,368.0
-0.0651570030028069,492.0
