score,N
0.8336961841844575,123.0
0.8824158337556884,246.0
0.9315432502283002,368.0
0.9484620369923638,492.0
