score,N
0.30642998917999126,4.0
0.036039893757599126,36.0
0.008289640136733301,68.0
-0.005632955050600545,100.0
