score,N
0.22400158595638645,123.0
0.19717910386614101,246.0
0.19382460944372445,368.0
0.19347501304794149,492.0
