score,N
-0.9150054090776176,123.0
-0.7808503132263245,246.0
-0.7861736581364065,368.0
-0.7850558889818122,492.0
