score,N
0.7559374644192179,4.0
0.3449618333136844,36.0
0.2565357737300903,68.0
0.2444681900873895,100.0
