score,N
0.9171520410172658,4.0
0.19051226663035378,36.0
0.08416402049969268,68.0
0.08358106587754366,100.0
