score,N
1.7892278964395048,123.0
2.044638007759498,246.0
2.0597748325374456,368.0
2.0551749956342062,492.0
