score,N
0.16615656914642804,123.0
0.1531995111145355,246.0
0.14122630924731733,368.0
0.1395685426044097,492.0
