score,N
-2.2934483835353032,123.0
-2.595170501504576,246.0
-2.669522830527947,368.0
-2.70648760656352,492.0
