score,N
0.9180180075293993,4.0
0.10861901987509641,36.0
0.013231909665323728,68.0
0.013306404073747087,100.0
