score,N
-0.5968904301262745,123.0
-0.8923607634025631,246.0
-1.022821334633966,368.0
-1.0653225488032751,492.0
