score,N
0.9023851474080915,123.0
0.9509690560464678,246.0
0.9711720246767379,368.0
0.9852840942940282,492.0
