score,N
1.1371867037633434,123.0
1.1437290807161795,246.0
1.1513839630834106,368.0
1.1534619444762075,492.0
