score,N
0.4401165445445409,4.0
0.10040205727514062,36.0
0.01610707327342488,68.0
-0.01702460078755996,100.0
