score,N
1.387136393550258,123.0
1.578202420250048,246.0
1.6065050187598675,368.0
1.6032222409706742,492.0
