score,N
0.4714160270533964,4.0
-0.12276130469993951,36.0
-0.06814941555399583,68.0
-0.07228649736010603,100.0
