score,N
0.9444183012760835,123.0
1.0757987935107738,246.0
1.1249384554690176,368.0
1.136989075115216,492.0
