score,N
0.7708659646809071,123.0
0.8369557671099942,246.0
0.8368519212099313,368.0
0.8368859956458895,492.0
