score,N
0.28892283632532345,4.0
0.029452463098622126,36.0
0.005954913781872413,68.0
-0.008115512320742225,100.0
