score,N
-0.00258435593097003,123.0
-0.018780163444706868,246.0
-0.025192091986257333,368.0
-0.027570061753472496,492.0
