score,N
0.3396042754215335,123.0
0.16895366144031554,246.0
0.08125225197486516,368.0
0.030750099946264185,492.0
