score,N
1.382735481262619,123.0
1.5889311060816282,246.0
1.6329069060682617,368.0
1.6314284790056266,492.0
