score,N
0.30438545268942724,4.0
-0.670622033673262,36.0
-1.0139836928995023,68.0
-1.2602433549639258,100.0
