score,N
0.8802464068047868,4.0
0.10232853797161254,36.0
0.01938742538544782,68.0
0.017684652148079093,100.0
