score,N
0.015868449417802633,123.0
0.016877097217363596,246.0
-0.09676529510823138,368.0
-0.09561662475086967,492.0
