score,N
0.7753664805354757,4.0
0.21629791678265625,36.0
0.1664907432734685,68.0
0.13855819991238572,100.0
