score,N
1.019027640734803,123.0
1.035549696609173,246.0
1.0409526199599672,368.0
1.041968667313552,492.0
