score,N
0.22627118434138646,123.0
0.19595850739683435,246.0
0.19037582355405966,368.0
0.19021679392295918,492.0
