score,N
0.8893982741428751,4.0
0.47940133853268085,36.0
0.3543463714797832,68.0
0.14776981962534624,100.0
