score,N
1.0831376116500295,123.0
1.246708901785332,246.0
1.3275948614062192,368.0
1.332398445817487,492.0
