score,N
0.7596543771454076,4.0
-0.023950965213648617,36.0
-0.15722327921954507,68.0
-0.16173329840537423,100.0
