score,N
0.6064816506051247,4.0
-0.25157073600801255,36.0
-0.41488056928771416,68.0
-0.39398655704987573,100.0
