score,N
0.23525622737276145,123.0
0.1879800349040133,246.0
0.18522131195509225,368.0
0.18398855361899966,492.0
