score,N
-0.6678898584527523,123.0
-0.7580816502300745,246.0
-0.7560464112509777,368.0
-0.7547045587554149,492.0
