score,N
-0.16619089275116694,123.0
-0.14327277557918613,246.0
-0.14326193847979599,368.0
-0.14326193847979599,492.0
