score,N
0.952890030279352,123.0
1.1025035874402782,246.0
1.14534205387425,368.0
1.1623084401547725,492.0
