score,N
2.3594579862220506,123.0
2.6949500160193973,246.0
2.752597659260437,368.0
2.759520261434993,492.0
