score,N
0.5230526929302337,123.0
0.5311417592874166,246.0
0.5311123044702413,368.0
0.5311594619300622,492.0
