score,N
0.9911387739498362,123.0
1.0101617377098167,246.0
1.0168501003960666,368.0
1.020679398295803,492.0
