score,N
-0.03417532860537469,123.0
-0.04911458313525537,246.0
-0.05685047573179658,368.0
-0.05917821481020357,492.0
