score,N
2.428923313752148,123.0
2.696024011509435,246.0
2.758883801011409,368.0
2.786574034597475,492.0
