score,N
-0.003850138578673046,123.0
-0.018941984446197515,246.0
-0.02523859456844937,368.0
-0.027667805265402922,492.0
