score,N
0.21735807907071575,123.0
0.14395813400371552,246.0
0.11041438386438655,368.0
0.08731226402917869,492.0
