score,N
0.9374236636609966,4.0
0.4754837237298902,36.0
0.08171837366545838,68.0
0.08031835335092055,100.0
