score,N
0.020898364172301943,4.0
-0.6286460470906947,36.0
-0.8148178562599055,68.0
-0.9312621989402224,100.0
