score,N
0.8279325026413065,4.0
0.5236526542072516,36.0
0.38542713175470705,68.0
0.294914504780327,100.0
