score,N
-0.16409438027124926,4.0
-1.611669215896646,36.0
-2.033502797689781,68.0
-2.238202140182122,100.0
