score,N
-0.6739214953415229,123.0
-0.9741368840180052,246.0
-1.058140505504547,368.0
-1.0999330622756136,492.0
