score,N
-0.09255471144933951,4.0
-1.3160821367097695,36.0
-1.708074947559466,68.0
-1.9035412224054302,100.0
