score,N
0.7743996502011165,123.0
0.8000903591580404,246.0
0.8003863250512947,368.0
0.8004899312269015,492.0
