score,N
0.8645788196256146,4.0
0.48419912276984994,36.0
0.2533571392206515,68.0
0.24426702687861673,100.0
