score,N
0.7874642977704756,123.0
0.9391324534955622,246.0
1.0107196502842606,368.0
1.049423185019094,492.0
