score,N
2.4479077073824556,123.0
2.7521093177956906,246.0
2.8123313917659565,368.0
2.826029660646377,492.0
