score,N
2.4300282871697663,123.0
2.7117299852788777,246.0
2.7744524273919513,368.0
2.7900741953980503,492.0
