score,N
-0.10879824260496906,123.0
-0.09609139481881517,246.0
-0.09853049233052338,368.0
-0.0985329129706541,492.0
