score,N
0.8969491653144737,123.0
0.9064485578243402,246.0
0.9169357915148495,368.0
0.9178944092450565,492.0
