score,N
0.9473159097960656,4.0
0.3142203666514072,36.0
0.08458402779723852,68.0
0.07670720345535054,100.0
