score,N
-0.7969399537569567,123.0
-1.061876727326811,246.0
-1.1286831827829085,368.0
-1.1391113072482029,492.0
