score,N
1.1430000585643545,123.0
1.1472391070290522,246.0
1.1499899250665568,368.0
1.150374896492728,492.0
