score,N
0.7693254995069115,4.0
0.2678548370274728,36.0
0.17408456796828548,68.0
0.1450205494568809,100.0
