score,N
2.3638844225436855,123.0
2.696286359354758,246.0
2.743376401453246,368.0
2.743181283665057,492.0
