score,N
0.18200965526907642,123.0
0.1510769191626701,246.0
0.1397107632016528,368.0
0.13654133457980286,492.0
