score,N
1.1186394668997257,123.0
1.1163699458794443,246.0
1.1210119665382332,368.0
1.1204174446318476,492.0
