score,N
-0.027092399234797802,123.0
-0.05155445634381288,246.0
-0.05734035197778062,368.0
-0.05874319072313438,492.0
