score,N
1.245673652936342,123.0
1.2563167385928646,246.0
1.2511328456670459,368.0
1.248559620550938,492.0
