score,N
-0.10126755528583398,4.0
-1.3390201509074773,36.0
-1.7153007818968924,68.0
-1.913755269898023,100.0
