score,N
0.8665193415382324,4.0
0.32634610810197173,36.0
0.2625550481185137,68.0
0.2372405107252916,100.0
