score,N
-0.030051619362024475,123.0
-0.051330013939351576,246.0
-0.05687307744437892,368.0
-0.06343408837489833,492.0
