score,N
0.11809561400379827,123.0
0.06786499685878125,246.0
0.047168496291916606,368.0
0.03042655929490353,492.0
