score,N
-0.20121268770487588,123.0
-0.2019680754003228,246.0
-0.20200546887188892,368.0
-0.20230125321046755,492.0
