score,N
-0.8177401325010125,123.0
-1.090581533830162,246.0
-1.1820635009657745,368.0
-1.1981700302970697,492.0
