score,N
0.6524064226531311,123.0
0.832813046190815,246.0
0.9215689162238516,368.0
0.9703323846513733,492.0
