score,N
1.1156209125889112,123.0
1.117120710870184,246.0
1.1168419530835412,368.0
1.1191983720084386,492.0
