score,N
0.820895767915508,123.0
0.8544760716034966,246.0
0.8560384154920702,368.0
0.8560656759678056,492.0
