score,N
-0.9537908890574072,123.0
-1.1545005912940343,246.0
-1.2204739008433214,368.0
-1.2455165917367605,492.0
