score,N
-0.07100880994153656,123.0
-0.0966897349539452,246.0
-0.10202955312758454,368.0
-0.10311032338986448,492.0
