score,N
1.79836606492226,123.0
2.0327872580546176,246.0
2.051236956126763,368.0
2.05071283459807,492.0
