score,N
0.7583874362649942,4.0
-0.02551435598832856,36.0
-0.16064197135866964,68.0
-0.16464714981330714,100.0
