score,N
-0.6722767048148338,123.0
-0.7558379852067253,246.0
-0.7605357725754589,368.0
-0.7593092277194069,492.0
