score,N
0.45308612500442275,4.0
0.062380942654479674,36.0
0.007260944270548542,68.0
-0.015877551195358382,100.0
