score,N
0.8967361810531261,4.0
0.644717288984392,36.0
0.5104040175531875,68.0
0.41595028601361844,100.0
