score,N
0.3776049233220059,4.0
0.06228139338533224,36.0
0.027804652586870506,68.0
0.020117066863776328,100.0
