score,N
0.4522887568070238,4.0
0.070156415302829,36.0
-0.0034605372350007507,68.0
-0.02286978410437447,100.0
