score,N
1.4615881603945964,123.0
1.68979396219255,246.0
1.7293250568397378,368.0
1.7340719329718854,492.0
