score,N
0.37703052332576525,4.0
0.0616739967864207,36.0
0.031025231934606465,68.0
0.0159515475437497,100.0
