score,N
0.18497285628151636,4.0
-0.42835674534786566,36.0
-0.6076707967077325,68.0
-0.7131228744537786,100.0
