score,N
0.19181131078680033,4.0
-0.43166845540369697,36.0
-0.6125625859761152,68.0
-0.7276092742853726,100.0
