score,N
0.771807873730791,123.0
0.9330308934982114,246.0
1.0026010211956131,368.0
1.0422132066979384,492.0
