score,N
0.20627247952007652,123.0
0.08104230918522047,246.0
0.0811920532719864,368.0
0.08087071055606167,492.0
