score,N
-0.9608397598327587,123.0
-1.1606269439261172,246.0
-1.2164054894726453,368.0
-1.2488855684857258,492.0
