score,N
0.825308237568471,4.0
0.37247022028743854,36.0
0.1734899682940483,68.0
0.05742630819975146,100.0
