score,N
1.7846858410848987,123.0
2.0229061731892415,246.0
2.0604137609197664,368.0
2.0664683806551234,492.0
