score,N
1.408551730322161,123.0
1.417211574198377,246.0
1.4118344465776098,368.0
1.4118386699552483,492.0
