score,N
-0.996587092141426,123.0
-1.1966674075995853,246.0
-1.2381965463762044,368.0
-1.2635529030440924,492.0
