score,N
0.6558239068505092,123.0
0.8346778189016266,246.0
0.9230105158877802,368.0
0.9708155471403344,492.0
