score,N
2.2327966401693327,123.0
2.062709569676746,246.0
2.0504213896876506,368.0
1.953305576005838,492.0
