score,N
-1.3656248525526808,123.0
-1.6984272655720458,246.0
-1.807252452591802,368.0
-1.8190430482935482,492.0
