score,N
-0.3327627710845859,4.0
-1.5858795696024666,36.0
-1.4173412961469654,68.0
-1.4049545969882546,100.0
