score,N
0.3408979319289078,4.0
-0.4819351742673389,36.0
-0.5978914697016271,68.0
-0.6470367944685215,100.0
