score,N
0.1133002412144526,4.0
-1.1277048836036745,36.0
-1.5385223304872788,68.0
-1.7018723886350993,100.0
