score,N
0.9023421484776797,4.0
0.2516047414669782,36.0
0.21217017714310857,68.0
0.1722259687557271,100.0
