score,N
1.2420381796472648,123.0
1.2516352235378472,246.0
1.2509300410405717,368.0
1.248036950068639,492.0
