score,N
0.24441033231449272,123.0
0.08011401398398403,246.0
0.008559357326660123,368.0
-0.03140530178468697,492.0
