score,N
0.7340860536485867,123.0
0.7952731080790445,246.0
0.795255929793838,368.0
0.7963916940924897,492.0
