score,N
0.3466671427588552,123.0
0.34736697259484267,246.0
0.34712772982908735,368.0
0.3471722771104915,492.0
