score,N
-2.049630885847793,123.0
-2.321000649778432,246.0
-2.394077327135617,368.0
-2.4138217031219624,492.0
