score,N
1.4366435479805124,123.0
1.3726030385025387,246.0
1.3706706011420722,368.0
1.3706440498344146,492.0
