score,N
0.33990399857348247,4.0
0.04974764286094736,36.0
0.016065811651133445,68.0
0.002308337540970876,100.0
