score,N
-0.10907382897935114,4.0
-1.3711133183598516,36.0
-1.7393383113010694,68.0
-1.953018079503061,100.0
