score,N
-0.11530181727260783,4.0
-1.4491913744569034,36.0
-1.8522523160341076,68.0
-2.067910640679887,100.0
