score,N
0.9947221437711325,123.0
1.0106873249332413,246.0
1.0184883679683445,368.0
1.0217128070195254,492.0
