score,N
0.8219903991845381,4.0
0.5134855141985284,36.0
0.3745195034840332,68.0
0.2858185686574123,100.0
