score,N
0.7846340489797314,4.0
0.3266299599684639,36.0
0.27070592145602546,68.0
0.23358831488880688,100.0
