score,N
0.8858615731108419,4.0
0.4259215305206198,36.0
0.23394082965608007,68.0
0.22197202143178463,100.0
