score,N
0.16321392405467255,123.0
0.11082152380965725,246.0
0.0679034090636989,368.0
0.04977484380775562,492.0
