score,N
-0.05666445554098164,123.0
-0.05242215078066163,246.0
-0.05263203336617392,368.0
-0.0526370684282001,492.0
