score,N
0.2298355699493936,123.0
0.15130611290839913,246.0
0.11860536824691181,368.0
0.09680650293862943,492.0
