score,N
0.4270575607951741,4.0
0.03778691140939339,36.0
-0.036367964785351294,68.0
-0.06298756624115581,100.0
