score,N
0.4342953048205357,4.0
0.1096871818345566,36.0
0.028716254734333525,68.0
-0.013680271563291456,100.0
