score,N
-0.00927113829965506,123.0
-0.04865214811334955,246.0
-0.05882460940481425,368.0
-0.0663994622728264,492.0
