score,N
0.18745609634775032,123.0
0.15911038790958612,246.0
0.1527041081680502,368.0
0.14314798017622293,492.0
