score,N
0.00439233413017799,123.0
-0.03374347688644144,246.0
-0.03365111550773519,368.0
-0.03372190342572173,492.0
