score,N
-1.1767085548660328,123.0
-1.1509811534726906,246.0
-1.1372206809616163,368.0
-1.1478011576986284,492.0
