score,N
-0.003844630472445365,123.0
-0.018268694204172223,246.0
-0.02401250660214614,368.0
-0.026269782450573376,492.0
