score,N
0.9990916014093111,123.0
1.0163786823161562,246.0
1.0217423773554581,368.0
1.0237513198229378,492.0
