score,N
-0.009516407606276632,123.0
-0.025724412746608607,246.0
-0.03189911100079163,368.0
-0.03527908509837657,492.0
