score,N
0.7690411485296015,123.0
0.8483398885345497,246.0
0.882068042911214,368.0
0.9038291882755973,492.0
