score,N
0.3496477973207054,123.0
0.16895036206055924,246.0
0.08006810968624764,368.0
0.029656774333537875,492.0
