score,N
-0.006169121089288837,123.0
-0.03985691382127876,246.0
-0.04156746185315182,368.0
-0.04346464227139451,492.0
