score,N
-0.029814112989966828,123.0
-0.048811677115987245,246.0
-0.056284656765726415,368.0
-0.05852028446778004,492.0
