score,N
1.4900527553623257,123.0
1.6368463441365961,246.0
1.6694536171560372,368.0
1.6255066535412537,492.0
