score,N
0.467171501200144,4.0
0.061713577637546355,36.0
0.011211853833855803,68.0
-0.01662844079117861,100.0
