score,N
1.070079543820359,123.0
1.0767566896599345,246.0
1.0825186707263088,368.0
1.0850905929906245,492.0
