score,N
-0.7778810122200163,123.0
-0.9258738341562782,246.0
-1.0001341611532741,368.0
-1.0117699026888496,492.0
