score,N
-2.1523190841309376,123.0
-2.4379828815138027,246.0
-2.4851252795223098,368.0
-2.507094708564749,492.0
