score,N
1.5392404900462753,123.0
1.7037594974174493,246.0
1.6874119826829728,368.0
1.6995065409651036,492.0
