score,N
-1.3353039375098636,123.0
-1.652196539519153,246.0
-1.752876314377205,368.0
-1.7658933181746883,492.0
