score,N
0.04433832083658612,123.0
-0.11406646132403964,246.0
-0.18197148380604317,368.0
-0.20673523640419153,492.0
