score,N
0.10976448409294425,4.0
-1.1340185823066438,36.0
-1.5231212238083691,68.0
-1.704940073159378,100.0
