score,N
0.4226005126087731,4.0
-0.17065669097816824,36.0
-0.3960102501754912,68.0
-0.5738221246966945,100.0
