score,N
0.007853619856566863,123.0
-0.03890259724582692,246.0
-0.03665676951204106,368.0
-0.038097160691769376,492.0
