score,N
0.2174273352062856,123.0
0.09050949903012061,246.0
0.09076373574038042,368.0
0.09054845465507978,492.0
