score,N
2.19376448842449,123.0
2.4587165794290082,246.0
2.4948712131732425,368.0
2.49184983833925,492.0
