score,N
0.7515310965937632,123.0
0.8204661504030788,246.0
0.8202922852979979,368.0
0.8203624054229244,492.0
