score,N
0.9051148579325549,4.0
0.294243463350573,36.0
0.21380577862401753,68.0
0.16508565710035442,100.0
