score,N
0.48494123486013896,4.0
0.10011558457038228,36.0
0.026765745540202918,68.0
-0.010722200928164678,100.0
