score,N
1.4854814571091066,123.0
1.673362989254495,246.0
1.7218238528896295,368.0
1.729157493524596,492.0
