score,N
0.8373804259764185,123.0
0.8909031551311535,246.0
0.9350413354369373,368.0
0.9454237237053675,492.0
