score,N
0.023017630105047274,4.0
-1.1560160375416577,36.0
-1.560712780849314,68.0
-1.753046721971445,100.0
