score,N
-0.3853196294205275,123.0
-0.3650109905437063,246.0
-0.3648485712163936,368.0
-0.3648423482536613,492.0
