score,N
0.8881691183948801,4.0
0.4524715413948289,36.0
0.1802290195917082,68.0
0.15397415139879145,100.0
