score,N
0.4270348539516022,4.0
0.05633553911046214,36.0
0.0018221520318671127,68.0
-0.020221996708814766,100.0
