score,N
0.9917253047059632,123.0
1.0106295937901806,246.0
1.0181466801621777,368.0
1.0206860474821355,492.0
