score,N
0.8953586743562743,4.0
0.6310665989069559,36.0
0.4990227257555578,68.0
0.40315477217823387,100.0
