score,N
2.4920177238946573,123.0
2.793110855121806,246.0
2.8238989189175103,368.0
2.844764901465588,492.0
