score,N
0.34554580670364227,4.0
-0.4750563571695597,36.0
-0.5915804554103038,68.0
-0.6428046814361555,100.0
