score,N
0.09965070949396244,123.0
0.09591608064314945,246.0
0.09550108022778608,368.0
0.09504296775481946,492.0
