score,N
0.8221939932432947,123.0
0.8481283019345175,246.0
0.8495791624330408,368.0
0.8500716466051934,492.0
