score,N
-0.013345629473776962,123.0
-0.029565273842380998,246.0
-0.037445299935433114,368.0
-0.03953615641459269,492.0
