score,N
0.8390021161151956,123.0
0.8891060043269764,246.0
0.9355926860269775,368.0
0.946338181299131,492.0
