score,N
0.35848030132936654,123.0
0.17211015640809396,246.0
0.08087671360479923,368.0
0.030861291266789586,492.0
