score,N
-0.029183697108174807,123.0
-0.05246519824342328,246.0
-0.0629915193135503,368.0
-0.06836440399192201,492.0
