score,N
0.8268020969241253,123.0
0.8810550163811004,246.0
0.9273173017983213,368.0
0.9451142800328404,492.0
