score,N
0.0644765204158029,123.0
0.061687907913990155,246.0
0.06162870075623382,368.0
0.06165205634358996,492.0
