score,N
1.0776963426348116,123.0
1.257139796898178,246.0
1.3219344581444088,368.0
1.3148178512146789,492.0
