score,N
0.6480624686902088,4.0
0.28460525756948035,36.0
0.2152341967811513,68.0
0.20006301287180636,100.0
