score,N
1.0464299466874796,123.0
1.0727863203127288,246.0
1.0854507569871632,368.0
1.0898510484880737,492.0
