score,N
2.3289408459234253,123.0
2.1955696641435862,246.0
2.0952485910322793,368.0
2.0917290496552527,492.0
