score,N
-0.05424232267519343,123.0
-0.09143862454353335,246.0
-0.09248351131996188,368.0
-0.09326145007243179,492.0
