score,N
1.0504760307793752,123.0
1.0726643443660406,246.0
1.0837402071714688,368.0
1.089349244563867,492.0
