score,N
0.935977116551931,4.0
0.38213083161069766,36.0
0.28054846592106747,68.0
0.23747179948166566,100.0
