score,N
-0.028389913510677458,123.0
-0.052990167404083376,246.0
-0.061269002899509546,368.0
-0.06773899236259005,492.0
