score,N
-1.8410426768136212,123.0
-2.1541559780527293,246.0
-2.231053595054278,368.0
-2.2527079580635467,492.0
