score,N
-0.7708647415456714,123.0
-0.9293809113434792,246.0
-0.9688905090124823,368.0
-0.9995827886106743,492.0
