score,N
0.34589053454271795,4.0
0.05081514941211254,36.0
0.017412595618273945,68.0
0.002609077835115735,100.0
