score,N
-0.6748718605481641,123.0
-0.7336918683973013,246.0
-0.7548291254798668,368.0
-0.7631717783931246,492.0
