score,N
1.0820204447366848,123.0
1.2408292580489508,246.0
1.3058273227598989,368.0
1.3314999724816206,492.0
