score,N
-0.009820582927221941,123.0
-0.025708918952597113,246.0
-0.03199207675358122,368.0
-0.03485619631742828,492.0
