score,N
0.15661503588081832,123.0
0.1052209993756268,246.0
0.06396926592756091,368.0
0.053617301030700726,492.0
