score,N
0.01374086766357313,123.0
-0.15078533978120656,246.0
-0.20695072779330106,368.0
-0.23865095321468568,492.0
