score,N
0.7627631906825938,123.0
0.7874259116738629,246.0
0.7877559587341223,368.0
0.7880141612961815,492.0
