score,N
0.7714289583597945,123.0
0.7950599600674928,246.0
0.7958912815298277,368.0
0.7959873985400889,492.0
