score,N
0.4838816508659316,4.0
0.006491652469699155,36.0
-0.06695532731269707,68.0
-0.05705440784474594,100.0
