score,N
0.4245103318430907,4.0
0.03477071417426412,36.0
-0.03835416037469257,68.0
-0.05659101596201215,100.0
