score,N
1.06901414181121,123.0
1.0735996897981004,246.0
1.0779190221712283,368.0
1.0798597786840292,492.0
