score,N
0.8275423365203065,4.0
0.3711514593501646,36.0
0.18506592542372655,68.0
0.08474972015169939,100.0
