score,N
0.5265519993366451,123.0
0.5391859190221329,246.0
0.5398259991125641,368.0
0.5398112643038525,492.0
