score,N
-0.550162267354597,123.0
-0.8339375279813613,246.0
-0.9183533478183149,368.0
-0.9533566705983432,492.0
