score,N
2.1683967374783486,123.0
2.4210377267267296,246.0
2.4680903049886274,368.0
2.4580081459922596,492.0
