score,N
0.5038993968391099,123.0
0.5037011032379627,246.0
0.42223821547044327,368.0
0.41998776413884176,492.0
