score,N
0.15353565262357044,123.0
0.09930541832144973,246.0
0.09906392368341135,368.0
0.09850081770277208,492.0
