score,N
-0.27315448362720435,4.0
-1.4341633538352807,36.0
-1.2448645133724434,68.0
-1.1971220901104072,100.0
