score,N
1.1119090750093106,123.0
1.105776782710932,246.0
1.1055378932563789,368.0
1.1067255719945988,492.0
