score,N
-0.011300852277000263,123.0
-0.04735676879910093,246.0
-0.06166932157137577,368.0
-0.06532001533503236,492.0
