score,N
0.34602607600350577,123.0
0.16680137864024883,246.0
0.07864254591651211,368.0
0.02959083953637387,492.0
