score,N
0.8309665659895532,123.0
0.8830568296382144,246.0
0.9288067610473437,368.0
0.942798528353705,492.0
