score,N
1.8004125322696234,123.0
2.060197366193738,246.0
1.9712242930806687,368.0
1.9788400699276174,492.0
