score,N
0.18226159045475443,4.0
-0.42687764216033075,36.0
-0.6362533373166092,68.0
-0.721671649076389,100.0
