score,N
0.23191768711876765,123.0
0.18932338170109883,246.0
0.1887478963297295,368.0
0.18893498377935716,492.0
