score,N
1.4818711552030108,123.0
1.687727356775883,246.0
1.7275318231307362,368.0
1.7267838800828936,492.0
