score,N
1.402794664255867,123.0
1.360112108776585,246.0
1.3586577565776161,368.0
1.358634095750084,492.0
