score,N
1.017848125469794,123.0
1.0347442871143944,246.0
1.039676716600485,368.0
1.042211351199483,492.0
