score,N
0.8458981567841853,123.0
0.8752812006368615,246.0
0.8509358286431348,368.0
0.850495710434065,492.0
