score,N
-0.07924523567083212,123.0
-0.0684181777129643,246.0
-0.06812643022767498,368.0
-0.06813764595919299,492.0
