score,N
1.1347255307750894,123.0
1.1422687028595413,246.0
1.1466383240817868,368.0
1.1481596446046116,492.0
