score,N
0.22095330140170247,123.0
0.1767624968366356,246.0
0.17645733464039004,368.0
0.17656626960878977,492.0
