score,N
-0.018963811060978226,123.0
-0.03388452099393882,246.0
-0.03942133376532349,368.0
-0.04336277671338363,492.0
