score,N
0.776812573932821,4.0
0.218493948808981,36.0
0.1636423033482692,68.0
0.13713847999465423,100.0
