score,N
1.4604562051327092,123.0
1.6791812721804733,246.0
1.7216186256803783,368.0
1.7223805910903296,492.0
