score,N
0.22631469939423945,123.0
0.19555532389663255,246.0
0.19238496597182483,368.0
0.19213962169020654,492.0
