score,N
0.7557337805879946,4.0
-0.04969313231154403,36.0
-0.19399043567790353,68.0
-0.199936172671436,100.0
