score,N
0.3351931148642127,4.0
0.04025864914864718,36.0
0.011919053644569218,68.0
-0.0005896482903075714,100.0
