score,N
0.6605012257491887,123.0
0.8342140534282296,246.0
0.9224531258144196,368.0
0.9708305080003536,492.0
