score,N
-0.29898307808731783,4.0
-1.5090989505594343,36.0
-1.351209148859964,68.0
-1.3381694168719653,100.0
