score,N
0.007425952971413181,123.0
-0.027943737010707848,246.0
-0.027052939784746363,368.0
-0.026863794029202095,492.0
