score,N
1.3774006655479136,123.0
1.3485236391085904,246.0
1.349182960964193,368.0
1.3491823558041602,492.0
