score,N
0.8727788121547608,123.0
0.9013845001061523,246.0
0.9057452175683723,368.0
0.9105402094907903,492.0
