score,N
-0.6765665753738764,123.0
-0.7481101096116181,246.0
-0.7606016069742213,368.0
-0.7663087158267371,492.0
