score,N
0.4811655639922131,4.0
-0.22794613887435738,36.0
-0.5174434039195293,68.0
-0.7026659308028367,100.0
