score,N
0.10271040890187554,4.0
-1.1289632254690258,36.0
-1.5494415652366103,68.0
-1.7539871099557593,100.0
