score,N
0.8341223155008564,4.0
0.4111518798239979,36.0
0.22410513140837668,68.0
0.2115109764894214,100.0
