score,N
0.12135180177734639,123.0
0.07244017388856464,246.0
0.05594516599134793,368.0
0.04591439816883677,492.0
