score,N
0.6733850682540217,4.0
-0.3079108978954957,36.0
-0.39165649223685556,68.0
-0.33434474758556454,100.0
