score,N
0.1853310023760361,4.0
-0.4317163328250944,36.0
-0.6116732251902133,68.0
-0.7281531035091605,100.0
