score,N
0.2322721619234846,123.0
0.07886818980499123,246.0
0.004032423392885144,368.0
-0.03718240248245086,492.0
