score,N
0.9271658039454326,4.0
0.3952770789153025,36.0
0.3093887666569695,68.0
0.2636836125801806,100.0
