score,N
-0.6489456720570775,123.0
-0.9256643360224365,246.0
-1.0390250016057354,368.0
-1.1371377284177207,492.0
