score,N
-1.8433240729476346,123.0
-2.126532704939821,246.0
-2.2393847975433525,368.0
-2.254855157281446,492.0
