score,N
0.2031753696217571,123.0
0.13580959430874304,246.0
0.10007247255902754,368.0
0.08184568730069022,492.0
