score,N
0.45931661609252294,4.0
-0.0357412053999804,36.0
-0.10455970173609315,68.0
-0.11103824246592625,100.0
