score,N
0.5209672629046319,123.0
0.5273915097560429,246.0
0.5276851853420153,368.0
0.5277312169351346,492.0
