score,N
-0.008738781481154192,123.0
-0.04816453481419456,246.0
-0.05939036569214951,368.0
-0.06492905581417,492.0
