score,N
1.3804252627198765,123.0
1.585662235799059,246.0
1.6249788551015174,368.0
1.6321050853877812,492.0
