score,N
0.5020693437970994,123.0
0.5019493468741683,246.0
0.4232664349545549,368.0
0.4208126246379249,492.0
