score,N
0.8368594095673911,4.0
0.5234871405277858,36.0
0.3903162873371924,68.0
0.29895317363921264,100.0
