score,N
-0.02455160838389463,123.0
-0.050569618966366345,246.0
-0.058300854768923,368.0
-0.06512074917516433,492.0
