score,N
0.9062533277468439,123.0
0.955663099768964,246.0
0.9676501471550489,368.0
0.9790729763660071,492.0
