score,N
0.00032146808986741466,123.0
-0.02207746072245839,246.0
-0.028051251761295286,368.0
-0.02814284378442258,492.0
