score,N
0.814954464771698,123.0
0.8582686042475896,246.0
0.8596319954903306,368.0
0.8597798547143395,492.0
