score,N
0.3209880176807619,4.0
0.038340264737683594,36.0
0.011115901645749805,68.0
-0.0035252279018081196,100.0
