score,N
1.393190455467685,123.0
1.587976378072151,246.0
1.6409515771262135,368.0
1.652264504538798,492.0
