score,N
0.7864524166612507,4.0
0.31906907742289536,36.0
0.2845554350437147,68.0
0.25627063409983764,100.0
