score,N
0.37870099224850434,4.0
0.05718495239014619,36.0
0.02131774027947966,68.0
0.013587583547957721,100.0
