score,N
0.4735030552040509,4.0
-0.24339699621084548,36.0
-0.5190209041193004,68.0
-0.7077053859376132,100.0
