score,N
1.111730672914277,123.0
1.2615526620128072,246.0
1.3060983299950562,368.0
1.3037752214948477,492.0
