score,N
0.8327897843174318,4.0
0.38049964049339285,36.0
0.19169319520407513,68.0
0.09459017465825555,100.0
