score,N
0.1371487066045686,4.0
-0.6878823346807669,36.0
-0.5596672583828122,68.0
-0.5641701881607705,100.0
