score,N
0.7839049603123333,123.0
0.8585644072143912,246.0
0.8923722926475894,368.0
0.9154541573363272,492.0
