score,N
0.14515962673977062,123.0
0.14796224311253628,246.0
0.14786624282332278,368.0
0.14707498052764684,492.0
