score,N
-0.16125703847906167,123.0
-0.16194995114408955,246.0
-0.16187552315893014,368.0
-0.16222361255228868,492.0
