score,N
0.8237246113965205,123.0
0.8495624991220893,246.0
0.8520248020071908,368.0
0.852054907839359,492.0
