score,N
0.2787875996944259,123.0
0.2793081251493906,246.0
0.27912364509416643,368.0
0.2795026570024955,492.0
