score,N
0.3409111903317256,4.0
0.04930286211257738,36.0
0.016841400099025995,68.0
0.0031247453407096505,100.0
