score,N
0.3336795408772122,4.0
-0.6344300816852106,36.0
-0.9950472921444077,68.0
-1.2338699297097997,100.0
