score,N
0.42687059269066935,4.0
-0.14918821062194756,36.0
-0.407405180846127,68.0
-0.5837015822382025,100.0
