score,N
0.8924465741258095,4.0
0.4125410362285731,36.0
0.22777219511007035,68.0
0.2124959760150368,100.0
