score,N
1.0649893636220047,123.0
1.0802550804869766,246.0
1.0862839015941304,368.0
1.0876630818296569,492.0
