score,N
1.116242252906465,123.0
1.1216441662697263,246.0
1.1234031254884698,368.0
1.1266026026628226,492.0
