score,N
0.8926937254244399,4.0
0.6247433344314075,36.0
0.4941405670537556,68.0
0.39598290485969667,100.0
