score,N
0.3047455210975509,4.0
-0.5003309319338302,36.0
-0.6252255244499192,68.0
-0.6580175626800026,100.0
