score,N
0.64997781857885,4.0
-0.2387183582093888,36.0
-0.3894699033017154,68.0
-0.3424356823144362,100.0
