score,N
1.028520493871528,123.0
1.04396406571007,246.0
1.0479764011194588,368.0
1.0498153975948898,492.0
