score,N
2.0400770649482367,123.0
1.815843523762176,246.0
1.741278816430285,368.0
1.738139803586351,492.0
