score,N
0.8900175849592938,4.0
0.40468603049207375,36.0
0.23398610619454516,68.0
0.22342367779134198,100.0
