score,N
2.3763699830086344,123.0
2.1758618902663893,246.0
2.149803840027035,368.0
2.1391312742077004,492.0
