score,N
0.7666647389539112,123.0
0.9329742361743364,246.0
1.0000081191238037,368.0
1.0425288125432202,492.0
