score,N
1.1084068203281063,123.0
1.116270102778284,246.0
1.1201505495625697,368.0
1.121866825972634,492.0
