score,N
0.8914898055540645,4.0
0.619946655878176,36.0
0.4918316921001197,68.0
0.39414559670315485,100.0
