score,N
0.07497179539961023,123.0
0.06468072099637084,246.0
0.06441338444962738,368.0
0.06447758408441985,492.0
