score,N
0.8024962509076762,123.0
0.9562877873870373,246.0
1.0239460256843922,368.0
1.0590512547233126,492.0
