score,N
0.14502707361320022,123.0
0.09670016288231914,246.0
0.09609892290009235,368.0
0.09514852428366871,492.0
