score,N
0.381613733203368,4.0
0.06254224915886067,36.0
0.026633448514452936,68.0
0.01889857631401491,100.0
