score,N
-0.23155226140597765,123.0
-0.20844581776215684,246.0
-0.20844922912556782,368.0
-0.20845178764812605,492.0
