score,N
1.0681335909110734,123.0
1.0798510821077443,246.0
1.084167122406234,368.0
1.088035982317986,492.0
