score,N
0.6622384105714129,123.0
0.8331181633594341,246.0
0.9203265896317143,368.0
0.9700193774849432,492.0
