score,N
-0.09463755460385129,4.0
-1.1600072905489929,36.0
-1.0185560065197818,68.0
-0.9556221309119746,100.0
