score,N
-1.3262310324039475,123.0
-1.3429305593064758,246.0
-1.312478620261071,368.0
-1.3097580972426308,492.0
