score,N
0.9544442136571702,4.0
0.34903468607999205,36.0
0.11153071409973359,68.0
0.0987496673492607,100.0
