score,N
0.7744014279709771,4.0
0.22875866432236444,36.0
0.16582688744559188,68.0
0.13346703717388322,100.0
