score,N
0.9078325641759244,4.0
0.2985979867066859,36.0
0.19926047651263112,68.0
0.16526667689487148,100.0
