score,N
0.2792459381464238,123.0
0.280241316746684,246.0
0.27989943357807945,368.0
0.2802244995769321,492.0
