score,N
0.45765901568919487,4.0
-0.1256117353213705,36.0
-0.16325458067140391,68.0
-0.17064277318064344,100.0
