score,N
0.6516856377227919,4.0
-0.3027491610826638,36.0
-0.399059573683983,68.0
-0.3447293843313701,100.0
