score,N
0.8936203508316206,4.0
0.6274380525530442,36.0
0.495722937842213,68.0
0.39883570358677584,100.0
