score,N
0.45768958567994705,4.0
0.07513772313605052,36.0
0.01078074981643236,68.0
-0.014055455553904474,100.0
