score,N
1.4835335226795028,123.0
1.3501627854314262,246.0
1.3500070924368541,368.0
1.3500070924368541,492.0
