score,N
0.6156709238307553,4.0
-0.17352318011399326,36.0
-0.4616128848211201,68.0
-0.4122745533392996,100.0
