score,N
0.1595274733068798,123.0
0.11442958669999667,246.0
0.06823205092619532,368.0
0.051535081805244104,492.0
