score,N
0.8781559372302816,4.0
0.4837792624299426,36.0
0.1802181890911913,68.0
0.1504362359782174,100.0
