score,N
0.9097406464550659,4.0
0.2922176631306015,36.0
0.20779752382555775,68.0
0.1668613444174973,100.0
