score,N
0.938082075295728,4.0
0.3103411604181902,36.0
0.08356956431774788,68.0
0.07454359675566703,100.0
