score,N
0.167382959331447,123.0
0.07975486819244101,246.0
0.08001488859064536,368.0
0.07974756652759284,492.0
