score,N
0.7591667186293956,123.0
0.7990412992989585,246.0
0.7990614452157586,368.0
0.8001741196974875,492.0
