score,N
0.15986672999862198,123.0
0.10977172518661868,246.0
0.06670968405927374,368.0
0.05331425783058257,492.0
