score,N
0.7444791360333717,123.0
0.7781560020421591,246.0
0.7780716887483099,368.0
0.7789400012225206,492.0
