score,N
0.9701255896781195,123.0
1.1143539746911937,246.0
1.1473068429248239,368.0
1.1666780237912526,492.0
