score,N
0.867642881383678,4.0
0.4725281299466858,36.0
0.2648401241870537,68.0
0.24086117247235223,100.0
