score,N
1.4108653510082982,123.0
1.6087299917055164,246.0
1.6630858997291251,368.0
1.667858570929056,492.0
