score,N
-1.2788048440656554,123.0
-1.609286959873591,246.0
-1.6893165366539553,368.0
-1.7113584255471563,492.0
