score,N
-1.3602932089306743,123.0
-1.664647707286122,246.0
-1.7702113035152764,368.0
-1.782465272705482,492.0
