score,N
0.34171535557607763,123.0
0.16798087657903693,246.0
0.07910618335728474,368.0
0.02992427315934371,492.0
