score,N
-0.5696720892505135,123.0
-0.5141357153580778,246.0
-0.5156546892719853,368.0
-0.5163064322656936,492.0
