score,N
-0.00014365033410975318,123.0
-0.05352865081563434,246.0
-0.05409881183263972,368.0
-0.0540371273951022,492.0
