score,N
0.12910400258315124,123.0
0.07282016287379352,246.0
0.04738339513998447,368.0
0.030775119870050653,492.0
