score,N
0.7733350919879708,123.0
0.7784159416983771,246.0
0.7783113480977571,368.0
0.7793531603419259,492.0
