score,N
0.34392338234769876,4.0
0.04853304152339779,36.0
0.015544197035625701,68.0
0.002222390022900015,100.0
