score,N
0.9038851623191834,123.0
0.9518490333883185,246.0
0.9659298664095483,368.0
0.9753647006666485,492.0
