score,N
0.3441877730945671,4.0
-0.6225246938689271,36.0
-0.935153534968848,68.0
-1.1773818168408086,100.0
