score,N
1.0507159046494041,123.0
1.077292758032138,246.0
1.0871291643600836,368.0
1.0924234238868253,492.0
