score,N
0.4918299912476781,4.0
-0.2600058013375373,36.0
-0.5075617780493615,68.0
-0.7005475633721132,100.0
