score,N
0.08338703072654431,123.0
0.08445486093390396,246.0
-0.035931106577781466,368.0
-0.034356746971861175,492.0
