score,N
-1.358287702604575,123.0
-1.6781143922101822,246.0
-1.767521144950367,368.0
-1.7838973467837527,492.0
