score,N
-1.8141393547892133,123.0
-2.1015804520336676,246.0
-2.1971927657777113,368.0
-2.213883308817171,492.0
