score,N
-1.2460066169474115,123.0
-1.2163204671293872,246.0
-1.207595983047004,368.0
-1.205985407332601,492.0
