score,N
0.17493886035293743,123.0
0.15167786681795364,246.0
0.14509151223826777,368.0
0.14332435837044522,492.0
