score,N
0.19443020734551547,4.0
-0.4167242663035904,36.0
-0.5824155134802348,68.0
-0.6905264893983186,100.0
