score,N
1.443039121303968,123.0
1.407288346829638,246.0
1.398000337642913,368.0
1.3980132673985999,492.0
