score,N
1.2459436085971447,123.0
1.2618475809748793,246.0
1.2569868576693366,368.0
1.2498732598007012,492.0
