score,N
1.0886927487081097,123.0
1.2386892227406088,246.0
1.3086650626947662,368.0
1.2990084650459834,492.0
