score,N
0.7118269198025672,123.0
0.7131252497051461,246.0
0.7129776545468399,368.0
0.7140992085864618,492.0
