score,N
0.7616438958192626,123.0
0.8057955994839152,246.0
0.8053986695462464,368.0
0.8054784647399015,492.0
