score,N
-1.8177530417293404,123.0
-2.1164633449659216,246.0
-2.216221526005235,368.0
-2.2395057401070764,492.0
