score,N
0.521009408234266,123.0
0.5263503096330306,246.0
0.526471235138379,368.0
0.5264423864084257,492.0
