score,N
0.15590457875506547,123.0
0.10678535352865279,246.0
0.06379486359042921,368.0
0.05296877060391887,492.0
