score,N
0.7915137542135834,4.0
0.32368754574354197,36.0
0.25756909051927773,68.0
0.2428190868152012,100.0
