score,N
0.4154062235235324,4.0
-0.16703081697963973,36.0
-0.38508461015931705,68.0
-0.5798111826035636,100.0
