score,N
0.8808250368527574,4.0
0.11360482787150526,36.0
0.017647696116850336,68.0
0.015989900784817452,100.0
