score,N
0.9913625066616817,123.0
1.008893431065146,246.0
1.0153624009110596,368.0
1.0179090212595654,492.0
