score,N
0.35465607947468675,123.0
0.35527367339409455,246.0
0.35498269164360435,368.0
0.35508601985704374,492.0
