score,N
0.3973827574472856,4.0
0.073429545970708,36.0
0.022307567558828297,68.0
-0.0030539054953610595,100.0
