score,N
-0.014532030016076357,123.0
-0.041479056916021474,246.0
-0.04220637057175467,368.0
-0.04225062591379467,492.0
