score,N
0.8440978307294763,4.0
0.3722979505032561,36.0
0.20342600021851492,68.0
0.08175502459683069,100.0
