score,N
1.2429239894898134,123.0
1.2504524436042013,246.0
1.2491155115692045,368.0
1.247313530149618,492.0
