score,N
1.494915233867232,123.0
1.649701146756693,246.0
1.6443285957292566,368.0
1.6674233792648903,492.0
