score,N
0.9313468772102081,4.0
0.38827039119416623,36.0
0.2972200296540354,68.0
0.25626166832196906,100.0
