score,N
0.5091313057589322,123.0
0.5090688390262885,246.0
0.42878452607740714,368.0
0.4264416015307546,492.0
