score,N
0.7725724303910612,4.0
0.24047711581729211,36.0
0.1553231815619004,68.0
0.12985296855659434,100.0
