score,N
-0.010759580747591143,123.0
-0.026029039889876576,246.0
-0.033323087526283844,368.0
-0.035702607301176824,492.0
