score,N
2.0937836188208916,123.0
2.341663488934477,246.0
2.4068180134673067,368.0
2.40242910099219,492.0
