score,N
0.9002256353042035,123.0
0.9524622205736117,246.0
0.9677421493041197,368.0
0.9765216575251829,492.0
