score,N
-0.7958648438636495,123.0
-1.0364493969038258,246.0
-1.1078160077181791,368.0
-1.1251890448188564,492.0
