score,N
0.5717263710519537,4.0
-0.1076100004390949,36.0
-0.31009346770344826,68.0
-0.46844675369583505,100.0
