score,N
-0.366155948206974,123.0
-0.3660124669841112,246.0
-0.36299490777075866,368.0
-0.36299490777075866,492.0
