score,N
0.44222529019691553,4.0
0.07058904677681022,36.0
0.015557078504135492,68.0
-0.0010050278427595177,100.0
