score,N
1.1170490772522048,123.0
1.1224238009231466,246.0
1.1256903150958997,368.0
1.1284434172956885,492.0
