score,N
2.3756691245745185,123.0
2.7110808788632443,246.0
2.79899324522692,368.0
2.8148930795480145,492.0
