score,N
0.8289711229237798,4.0
0.3842348276526828,36.0
0.22166576692586668,68.0
0.21208659722407497,100.0
