score,N
0.9460421931201332,123.0
1.0953098893890378,246.0
1.1443028916476221,368.0
1.147051675316856,492.0
