score,N
0.3695953397636214,4.0
0.06499644109061675,36.0
0.013786939503775103,68.0
-0.00829018356007567,100.0
