score,N
0.21809049441233425,123.0
0.10499042375012574,246.0
0.10514919572519325,368.0
0.10496505297060464,492.0
