score,N
0.28064888136636135,123.0
0.2830520063330011,246.0
0.2827974721833054,368.0
0.2830282052262676,492.0
