score,N
0.029909039484708206,4.0
-0.626167490887048,36.0
-0.7807547028797345,68.0
-0.8957789252289102,100.0
