score,N
1.1057477541896232,123.0
1.1127345053230884,246.0
1.1147924494231327,368.0
1.1188399837438552,492.0
