score,N
0.03507627541379273,123.0
-0.12481169320232202,246.0
-0.19148743258321937,368.0
-0.21936723117852294,492.0
