score,N
0.011916357252531857,123.0
-0.150372221836969,246.0
-0.20668787084236312,368.0
-0.23931173327392122,492.0
