score,N
0.4869788961029353,4.0
-0.2795277794071937,36.0
-0.5349155832779797,68.0
-0.7467499262081523,100.0
