score,N
-0.038372846336837234,123.0
-0.05857555257901277,246.0
-0.06288769673048955,368.0
-0.06349516366728593,492.0
