score,N
-0.9614059353409232,123.0
-1.1618701585969258,246.0
-1.2222077932732482,368.0
-1.2493774437234875,492.0
