score,N
0.6412172107538274,4.0
0.2679710454756044,36.0
0.20531048281012831,68.0
0.19324775082318024,100.0
