score,N
0.7359952559047349,4.0
0.30242109073337603,36.0
0.21438057572024063,68.0
0.18214799544857854,100.0
