score,N
0.79918975189569,123.0
0.8680592059204224,246.0
0.9040880893702963,368.0
0.9219999405190764,492.0
