score,N
0.21391821850749565,123.0
0.10687878592107454,246.0
0.10699107873938893,368.0
0.10681604580550386,492.0
