score,N
0.33052060458308685,4.0
-0.13437339154813868,36.0
-0.20285779128476467,68.0
-0.2679438334334188,100.0
