score,N
0.8677591724570971,4.0
0.472729214617232,36.0
0.265943587413915,68.0
0.23994985773359295,100.0
