score,N
2.174911286941479,123.0
2.4216911682509012,246.0
2.464108286175563,368.0
2.4648405928501744,492.0
