score,N
0.4257911793280286,4.0
0.043006573910487456,36.0
-0.01723960821340802,68.0
-0.051292439896218775,100.0
