score,N
0.23379494270311676,123.0
0.18664326502138248,246.0
0.1863451255719966,368.0
0.18640598514368167,492.0
