score,N
0.46635669820812586,4.0
0.08337738876499022,36.0
0.014284222506980188,68.0
-0.018813896036953697,100.0
