score,N
0.76966210981847,123.0
0.8470750376926915,246.0
0.8861648641060881,368.0
0.9063236022220593,492.0
