score,N
2.5285602216627514,123.0
2.857746695153354,246.0
2.936512222872683,368.0
2.9688237353079945,492.0
