score,N
-0.7811239334986433,123.0
-0.9191673779874681,246.0
-0.9783171154196383,368.0
-1.0000739670965741,492.0
