score,N
0.21470201148726792,123.0
0.1754434776866223,246.0
0.17533678611409467,368.0
0.17551592703148058,492.0
