score,N
0.2296646628540411,123.0
0.15308055029388903,246.0
0.11453295273774496,368.0
0.09436713591606541,492.0
