score,N
0.4138686111401544,4.0
-0.18750320662907663,36.0
-0.42441043265349043,68.0
-0.5910332256415676,100.0
