score,N
0.01746768588073695,123.0
0.018428083788563032,246.0
-0.09032736684317516,368.0
-0.08910141236470732,492.0
