score,N
0.45919876523209546,4.0
0.06055617915811482,36.0
0.009483818241265768,68.0
-0.01961810851814872,100.0
