score,N
0.39780199881541134,4.0
0.07227380836159267,36.0
0.02064189656275215,68.0
-0.006629416068433806,100.0
