score,N
1.6060357802534775,123.0
1.532462905568954,246.0
1.5324530978991475,368.0
1.532456082842132,492.0
