score,N
1.1060879701778499,123.0
1.1015075725691104,246.0
1.101159124655039,368.0
1.1033125327639992,492.0
