score,N
-0.2080362288997064,123.0
-0.20915261882752534,246.0
-0.20914406223130294,368.0
-0.20930545733935957,492.0
