score,N
0.17802020087548825,123.0
0.14582526051805336,246.0
0.1364469578832299,368.0
0.13095830555796018,492.0
