score,N
0.5008708173164551,123.0
0.5007820625498479,246.0
0.4189742187898187,368.0
0.4167806777235012,492.0
