score,N
0.929332413257311,4.0
0.3936544654454113,36.0
0.3007165642828919,68.0
0.2561190774108677,100.0
