score,N
0.4231891765609963,4.0
0.03862916024353997,36.0
-0.038658827125883165,68.0
-0.0555263693597891,100.0
