score,N
0.4825392846985076,4.0
-0.24471719531126715,36.0
-0.5198251369549419,68.0
-0.7061603333633346,100.0
