score,N
0.09654240313254416,4.0
-1.1693572654226436,36.0
-1.5840967880037844,68.0
-1.742146438127603,100.0
