score,N
-1.9842499391928754,123.0
-2.2504083939635304,246.0
-2.31273856371154,368.0
-2.3465966382970302,492.0
