score,N
0.30451218075595715,4.0
-0.6556664101162828,36.0
-1.0054153860190522,68.0
-1.2527276393448479,100.0
