score,N
0.8854104365814026,123.0
0.9172759444810312,246.0
0.9224602562556002,368.0
0.92549313934995,492.0
