score,N
0.9179181189026032,4.0
0.11813634149461275,36.0
0.018763878117145635,68.0
0.01621236555544586,100.0
