score,N
-0.0029644115954287034,123.0
-0.018395924296862286,246.0
-0.024057837464540523,368.0
-0.026272025235431096,492.0
