score,N
-0.7371614314467617,123.0
-0.8829009445012487,246.0
-0.9236640771594402,368.0
-0.946525246680585,492.0
