score,N
0.8775875838524447,4.0
0.27321650165126143,36.0
0.21133028225811698,68.0
0.17666080596961317,100.0
