score,N
1.108621835001661,123.0
1.1144703370523101,246.0
1.1158823756750502,368.0
1.1209608203815522,492.0
