score,N
0.015967107680342783,123.0
0.017043239173141992,246.0
-0.09732041214196509,368.0
-0.09593842714621494,492.0
