score,N
-0.06446016973864856,123.0
-0.0951350027995654,246.0
-0.09646738622959343,368.0
-0.09807200344963246,492.0
