score,N
-0.06345135344455624,123.0
-0.09246940361979986,246.0
-0.09634581807562001,368.0
-0.09766433648470249,492.0
