score,N
0.7618849626251446,123.0
0.8415929305831562,246.0
0.8414346875076819,368.0
0.8415038935585927,492.0
