score,N
0.9281239933161425,4.0
0.3945436964493494,36.0
0.31123946518724815,68.0
0.258612726474852,100.0
