score,N
1.147428126585345,123.0
1.1460121949386533,246.0
1.149294095264653,368.0
1.1491454285850016,492.0
