score,N
1.064076079183667,123.0
1.0784312648306993,246.0
1.0820655000910284,368.0
1.0839299264812279,492.0
