score,N
1.5081845676693,123.0
1.6957145571039467,246.0
1.7361598082691367,368.0
1.7436700349798013,492.0
