score,N
0.2469501792327373,123.0
0.08394376035947389,246.0
0.014050435765668794,368.0
-0.02706559227038084,492.0
