score,N
1.0229884356502634,123.0
1.0387403866251648,246.0
1.0448028481190281,368.0
1.0465721085575403,492.0
