score,N
1.0524125604834582,123.0
1.0788470729754405,246.0
1.0889648542427808,368.0
1.0954157274214091,492.0
