score,N
0.8123337029135488,4.0
0.4922471264149459,36.0
0.35852686427632574,68.0
0.2718673398871362,100.0
