score,N
0.39312939518349904,4.0
0.07388312105505529,36.0
0.015063659903200934,68.0
-0.0031695683411124827,100.0
