score,N
0.7759711940092421,123.0
0.8061469016795975,246.0
0.8067413547521893,368.0
0.8068820323603876,492.0
