score,N
0.7765281837444271,123.0
0.93850440315368,246.0
1.0048174303500645,368.0
1.0441198728520447,492.0
