score,N
0.03157961725635772,4.0
-0.6055350932523486,36.0
-0.7743507109741262,68.0
-0.9059845590226464,100.0
