score,N
0.8814765920428111,123.0
0.9114810092423511,246.0
0.9194152605720107,368.0
0.921518354732699,492.0
