score,N
0.1254703752692567,123.0
0.07252858048252395,246.0
0.054670375399976205,368.0
0.04609986139017305,492.0
