score,N
0.9746881950565953,123.0
1.116694171977764,246.0
1.1506849293813803,368.0
1.1788891647366169,492.0
