score,N
-0.2004726627465643,123.0
-0.2010061964105512,246.0
-0.20099841119454548,368.0
-0.20127168213105,492.0
