score,N
0.2329745754680682,123.0
0.19235008634618345,246.0
0.1934632301367183,368.0
0.1934926092983453,492.0
