score,N
-0.02073040774977784,123.0
-0.04514199648775074,246.0
-0.04985264027683963,368.0
-0.05265106433474668,492.0
