score,N
-0.6710511804889366,123.0
-0.7436615265131944,246.0
-0.7530072742171616,368.0
-0.756507022344455,492.0
