score,N
-0.006313191748805507,123.0
-0.02050242783270604,246.0
-0.02541933719047102,368.0
-0.02711157086025886,492.0
