score,N
0.04538660654961119,4.0
-0.5991780169103905,36.0
-0.7665023734414208,68.0
-0.8904406241017964,100.0
