score,N
-0.36720086093279125,123.0
-0.36244148547472316,246.0
-0.363030442906708,368.0
-0.3630233446584484,492.0
