score,N
0.8938460466528709,4.0
0.47311600824912664,36.0
0.17256837362379704,68.0
0.18130046629221205,100.0
