score,N
0.7647814118805808,123.0
0.8002538366345029,246.0
0.8006733940345778,368.0
0.8008110838342587,492.0
