score,N
0.8609963450425686,4.0
0.3312965407943247,36.0
0.2445419004558303,68.0
0.21982982356153105,100.0
