score,N
0.11674404834613308,123.0
0.06585050382885768,246.0
0.052585903175757606,368.0
0.04129473473455898,492.0
