score,N
0.7505849872439729,4.0
0.33977580750766345,36.0
0.25620224843836836,68.0
0.2455731579262721,100.0
