score,N
-0.16538675400769115,123.0
-0.16636838517291822,246.0
-0.16625562486686396,368.0
-0.16657401860582843,492.0
