score,N
-1.8134670224401237,123.0
-2.0838720757530234,246.0
-2.2064404499137065,368.0
-2.2312422230929037,492.0
