score,N
2.3365072234407736,123.0
2.660434166745329,246.0
2.7143581889467048,368.0
2.741669709265409,492.0
