score,N
1.1083815495666995,123.0
1.123085914063822,246.0
1.1164971957007186,368.0
1.118237793233151,492.0
