score,N
0.5213434642762933,123.0
0.5259301119573881,246.0
0.5269577665373724,368.0
0.5270125548223358,492.0
