score,N
0.8257881932771284,4.0
0.36673294084322927,36.0
0.1746040908660438,68.0
0.059769231007277185,100.0
