score,N
-0.4453424035085939,123.0
-0.42459984294785474,246.0
-0.4227367459643428,368.0
-0.42272038174230153,492.0
