score,N
0.7669751345930069,123.0
0.8033699962839868,246.0
0.8027733657582096,368.0
0.8028624806994341,492.0
