score,N
1.3382456892934296,123.0
1.548184952369542,246.0
1.614869921919266,368.0
1.6213326533713843,492.0
