score,N
-0.9439091632662043,123.0
-1.1499503522178407,246.0
-1.2160002829502357,368.0
-1.2445156722711952,492.0
