score,N
0.37188967586770566,4.0
0.06485405981269321,36.0
0.02106275597341506,68.0
0.01821761239953619,100.0
