score,N
0.7615632253389771,4.0
-0.05456374213155126,36.0
-0.20541132089304978,68.0
-0.20786076950130725,100.0
