score,N
0.3167722291725458,4.0
0.03805865496725418,36.0
0.009439395113138906,68.0
-0.004021919841563039,100.0
