score,N
0.7588294776234538,4.0
-0.06446713637622456,36.0
-0.19773934860392814,68.0
-0.20135078634589787,100.0
