score,N
1.0537441181171627,123.0
1.0807251151827864,246.0
1.0893215776897696,368.0
1.0953563349874496,492.0
