score,N
0.21792650216930917,123.0
0.18985513353791153,246.0
0.19287918322093628,368.0
0.19323033751921623,492.0
