score,N
1.4206701306619458,123.0
1.3788123399619432,246.0
1.3697770891910592,368.0
1.3697770891910592,492.0
