score,N
0.07604090386220273,123.0
0.06868623596220602,246.0
0.06793426206356988,368.0
0.06789697348407873,492.0
