score,N
0.2671805558995813,4.0
0.02506781999975904,36.0
-0.0007649919233717696,68.0
-0.013335604761973442,100.0
