score,N
0.4465418840801195,4.0
0.07005597532529365,36.0
-0.0011156961733981476,68.0
-0.01877255706920213,100.0
