score,N
1.5609415240194953,123.0
1.6566404269730985,246.0
1.66099848378532,368.0
1.6709405351658126,492.0
