score,N
1.2477763970129896,123.0
1.2589239754447605,246.0
1.2572032647679796,368.0
1.252781250992881,492.0
