score,N
1.01848251751134,123.0
1.034975020602984,246.0
1.039649568040085,368.0
1.0422898237328433,492.0
