score,N
-0.022800982814558474,123.0
-0.05785043406903565,246.0
-0.05879290795386499,368.0
-0.05970634426320621,492.0
