score,N
1.6451644115465234,123.0
1.5945271484639356,246.0
1.518960475907725,368.0
1.518576053125722,492.0
