score,N
0.8886777374936023,123.0
0.911233658788652,246.0
0.9153597159752147,368.0
0.915837716611593,492.0
