score,N
0.6595663237355098,4.0
0.29071726048189944,36.0
0.20883046875382685,68.0
0.1920995944295433,100.0
