score,N
0.013037692100505689,123.0
0.014075931312760373,246.0
-0.10094556370457325,368.0
-0.09971193630108244,492.0
