score,N
0.8334900508278942,4.0
0.5240211535780047,36.0
0.39016578707118177,68.0
0.29652467527925047,100.0
