score,N
-0.026203940942627166,123.0
-0.04928416550080708,246.0
-0.05423199278495809,368.0
-0.05802165441850355,492.0
