score,N
-0.8196318563611992,123.0
-1.0539230917184077,246.0
-1.130475352335896,368.0
-1.159031812822493,492.0
