score,N
0.029403973725276304,123.0
-0.10748138851151172,246.0
-0.16166794579870797,368.0
-0.1888981117630211,492.0
