score,N
0.6434279169706119,123.0
0.8299392239786637,246.0
0.9205486609880597,368.0
0.9702402023953923,492.0
