score,N
2.1490539739303545,123.0
2.4117385155238193,246.0
2.4537913943339267,368.0
2.45603852109829,492.0
