score,N
-0.06347177638611236,123.0
-0.0925610004238716,246.0
-0.09422786533359674,368.0
-0.09575045109305065,492.0
