score,N
-0.027060851445771923,123.0
-0.05136147134164718,246.0
-0.06154982029087403,368.0
-0.06798719286208049,492.0
