score,N
0.8887471934796459,4.0
0.4855720860286195,36.0
0.1828804939642285,68.0
0.19253341233965857,100.0
