score,N
0.044582373063860724,4.0
-0.6526876278996863,36.0
-0.7885506541002575,68.0
-0.9087509831713481,100.0
