score,N
0.3303400397384106,4.0
-0.4883436519710352,36.0
-0.6130993732630793,68.0
-0.6719503507526227,100.0
