score,N
-1.9919651347406766,123.0
-2.271469100094065,246.0
-2.3439269488818026,368.0
-2.3760386070561625,492.0
