score,N
0.7767465663420257,123.0
0.8515959578269254,246.0
0.8885696261352641,368.0
0.9099564456164063,492.0
