score,N
0.43047434506142207,4.0
0.08314703948186068,36.0
0.019910114696935436,68.0
0.005468641119980516,100.0
