score,N
-0.6135382618846692,123.0
-0.8767896492155813,246.0
-1.0278874782457388,368.0
-1.059839965744973,492.0
