score,N
0.43392005504026326,4.0
0.043685496751061204,36.0
-0.018688887999095953,68.0
-0.0386318422356656,100.0
