score,N
0.013496428813364594,123.0
-0.042366956353699824,246.0
-0.041697939411292455,368.0
-0.04021993890174764,492.0
