score,N
0.9380808999700088,4.0
0.4956972633611373,36.0
0.08649627780910471,68.0
0.08157814582672002,100.0
