score,N
0.22036814636177898,123.0
0.06541372706174667,246.0
-0.0038668026870259838,368.0
-0.04200172507017541,492.0
