score,N
0.2521655153686081,123.0
0.08569516786267786,246.0
0.016698047702656395,368.0
-0.02616609100370978,492.0
