score,N
0.436649249089745,4.0
0.09324722651529611,36.0
0.0198570158958821,68.0
-0.005432928219815945,100.0
