score,N
0.22362455003627812,123.0
0.14952113941014286,246.0
0.112709039241973,368.0
0.09151878754849216,492.0
