score,N
0.9008894611990638,123.0
0.9576494817954514,246.0
0.982745326248274,368.0
0.9981551203103203,492.0
