score,N
0.14781214124828265,123.0
0.09236515431371502,246.0
0.09211836683291373,368.0
0.0911071967781392,492.0
