score,N
1.347700576691771,123.0
1.3213278225208434,246.0
1.321759558951376,368.0
1.3217565127033093,492.0
