score,N
0.6440499948790173,4.0
0.28102349265851745,36.0
0.21103399772888934,68.0
0.19077446448797664,100.0
