score,N
0.07826820866043642,123.0
0.0755662181041779,246.0
0.07078728749402416,368.0
0.07074222936895858,492.0
