score,N
1.7590527403445329,123.0
2.0339947527212994,246.0
2.0891747968855587,368.0
2.0885387656560015,492.0
