score,N
-0.016274762412480784,123.0
-0.04814420271937835,246.0
-0.06059750382835207,368.0
-0.06449012325126119,492.0
