score,N
0.4350916399383234,4.0
0.06022902796646966,36.0
0.004948253341423239,68.0
-0.016516533200309227,100.0
