score,N
0.39524932817829245,4.0
0.07568534897119013,36.0
0.020152645895587788,68.0
-0.002112487653459839,100.0
