score,N
-0.8137704494150677,123.0
-1.0707997795489625,246.0
-1.1517564605412658,368.0
-1.1790461135830386,492.0
