score,N
1.3301075653968377,123.0
1.3091834376356266,246.0
1.3096636235509653,368.0
1.3096736936750177,492.0
