{"clean_ld":{"0":2.4786949158,"1":2.7645664215,"2":5.2390556335,"3":2.3851690292,"4":4.5754232407,"5":3.5195541382,"6":3.334148407,"7":1.8530988693,"8":5.603843689,"9":3.6799316406,"10":3.7378091812,"11":6.2813816071,"12":3.4399709702,"13":3.2463283539,"14":5.5201158524,"15":3.1157178879,"16":4.8488693237,"17":4.475446701,"18":2.9968709946,"19":4.1207695007,"20":3.2520828247,"21":3.3441581726,"22":4.969209671,"23":5.124001503,"24":5.1371307373,"25":3.4903993607,"26":5.7148551941,"27":3.0518598557,"28":4.5641403198,"29":5.3348684311,"30":3.3615779877,"31":4.3800678253},"supervised_full_ld":{"0":1.2498474121,"1":3.0849304199,"2":4.2661457062,"3":3.4188327789,"4":4.7813081741,"5":4.0526742935,"6":2.9967384338,"7":2.5792169571,"8":5.1074171066,"9":3.516699791,"10":4.6810846329,"11":4.5055322647,"12":2.8464708328,"13":2.7559776306,"14":4.7450752258,"15":2.1474876404,"16":5.3209323883,"17":4.8928756714,"18":4.6045732498,"19":3.8423099518,"20":4.4079084396,"21":3.8420886993,"22":3.5201711655,"23":4.0736780167,"24":4.1730260849,"25":4.2798347473,"26":5.8963136673,"27":3.506526947,"28":3.3073644638,"29":4.8424444199,"30":2.6601314545,"31":4.0923976898},"sae_full_ld":{"0":6.1848678589,"1":-4.0404663086,"2":1.8178653717,"3":-5.2997112274,"4":3.889216423,"5":-1.8824596405,"6":1.0048847198,"7":-2.424829483,"8":-1.5870170593,"9":0.5507354736,"10":-3.3534317017,"11":3.8498277664,"12":3.3798789978,"13":6.3159418106,"14":-1.027923584,"15":0.9484519958,"16":-1.2763309479,"17":-2.4528312683,"18":0.7396850586,"19":3.2438879013,"20":-1.5763950348,"21":-1.4483737946,"22":-0.3977451324,"23":3.2877960205,"24":1.3705978394,"25":0.8496608734,"26":-1.5928592682,"27":-2.5088329315,"28":1.8620710373,"29":-1.4195175171,"30":1.4264602661,"31":13.0519971848},"supervised_average_ld":{"0":1.2498474121,"1":3.0849304199,"2":4.2661457062,"3":3.4188327789,"4":4.7813081741,"5":4.0526742935,"6":2.9967384338,"7":2.5792169571,"8":5.1074171066,"9":3.516699791,"10":4.6810846329,"11":4.5055322647,"12":2.8464708328,"13":2.7559776306,"14":4.7450752258,"15":2.1474876404,"16":5.3209323883,"17":4.8928756714,"18":4.6045732498,"19":3.8423099518,"20":4.4079084396,"21":3.8420886993,"22":3.5201711655,"23":4.0736780167,"24":4.1730260849,"25":4.2798347473,"26":5.8963136673,"27":3.506526947,"28":3.3073644638,"29":4.8424444199,"30":2.6601314545,"31":4.0923976898},"sae_average_ld":{"0":1.5044317245,"1":3.4715709686,"2":4.0608119965,"3":3.6936130524,"4":5.0358390808,"5":4.1061153412,"6":4.2492856979,"7":3.3499269485,"8":5.8843297958,"9":3.8429079056,"10":5.5523662567,"11":4.8011198044,"12":3.043507576,"13":2.2808036804,"14":5.646229744,"15":2.9088811874,"16":7.0058555603,"17":6.3009290695,"18":4.8165006638,"19":4.1385202408,"20":5.4127416611,"21":4.0993537903,"22":5.4701557159,"23":4.215970993,"24":5.4986095428,"25":4.0741710663,"26":7.4190387726,"27":3.9167156219,"28":3.1330118179,"29":6.8183431625,"30":2.9792118073,"31":3.7589130402},"ablation_ld":{"0":1.5351295471,"1":0.2356796265,"2":2.1173553467,"3":3.3623104095,"4":4.8445215225,"5":3.9341316223,"6":2.7458734512,"7":2.9473266602,"8":0.1730728149,"9":0.6750268936,"10":2.743897438,"11":4.609995842,"12":0.0444631577,"13":2.4830322266,"14":2.5244865417,"15":2.9720153809,"16":5.6658706665,"17":4.0878343582,"18":4.9790763855,"19":4.3944244385,"20":4.2527265549,"21":3.9541492462,"22":4.8546552658,"23":3.8986349106,"24":3.503080368,"25":-3.292093277,"26":6.5078277588,"27":3.8152799606,"28":3.3779916763,"29":1.6904153824,"30":2.6462211609,"31":1.4839792252}}