{"clean_ld":{"0":2.4786949158,"1":2.7645664215,"2":5.2390556335,"3":2.3851690292,"4":4.5754232407,"5":3.5195541382,"6":3.334148407,"7":1.8530988693,"8":5.603843689,"9":3.6799316406,"10":3.7378091812,"11":6.2813816071,"12":3.4399709702,"13":3.2463283539,"14":5.5201158524,"15":3.1157178879,"16":4.8488693237,"17":4.475446701,"18":2.9968709946,"19":4.1207695007,"20":3.2520828247,"21":3.3441581726,"22":4.969209671,"23":5.124001503,"24":5.1371307373,"25":3.4903993607,"26":5.7148551941,"27":3.0518598557,"28":4.5641403198,"29":5.3348684311,"30":3.3615779877,"31":4.3800678253},"supervised_full_ld":{"0":1.05905056,"1":2.903219223,"2":4.1196928024,"3":3.5375747681,"4":4.3855924606,"5":3.8942613602,"6":2.8027429581,"7":2.4860277176,"8":4.8204154968,"9":3.1744327545,"10":4.6257638931,"11":4.2482833862,"12":2.5568971634,"13":2.7298955917,"14":4.4763059616,"15":2.1718416214,"16":4.8305969238,"17":4.231803894,"18":4.3207054138,"19":3.3931617737,"20":4.3416032791,"21":3.7723712921,"22":3.2121400833,"23":3.8638544083,"24":3.9573230743,"25":4.3871126175,"26":5.3400440216,"27":3.3395328522,"28":3.2691917419,"29":4.7154302597,"30":2.8954238892,"31":3.7178878784},"sae_full_ld":{"0":5.404132843,"1":9.0698432922,"2":9.7850294113,"3":10.8184909821,"4":10.3404912949,"5":10.7392940521,"6":9.0962114334,"7":7.5356149673,"8":12.5280179977,"9":8.000576973,"10":10.7887763977,"11":10.9143238068,"12":5.7523822784,"13":7.1020698547,"14":10.371969223,"15":6.9121398926,"16":12.773349762,"17":13.7561998367,"18":8.5974235535,"19":8.2659931183,"20":11.5855388641,"21":9.9389753342,"22":10.1376094818,"23":10.0082540512,"24":9.3624982834,"25":8.0685520172,"26":12.7142066956,"27":11.5162734985,"28":9.5106992722,"29":10.3256320953,"30":10.7352828979,"31":11.9983844757},"supervised_average_ld":{"0":1.05905056,"1":2.903219223,"2":4.1196928024,"3":3.5375747681,"4":4.3855924606,"5":3.8942613602,"6":2.8027429581,"7":2.4860277176,"8":4.8204154968,"9":3.1744327545,"10":4.6257638931,"11":4.2482833862,"12":2.5568971634,"13":2.7298955917,"14":4.4763059616,"15":2.1718416214,"16":4.8305969238,"17":4.231803894,"18":4.3207054138,"19":3.3931617737,"20":4.3416032791,"21":3.7723712921,"22":3.2121400833,"23":3.8638544083,"24":3.9573230743,"25":4.3871126175,"26":5.3400440216,"27":3.3395328522,"28":3.2691917419,"29":4.7154302597,"30":2.8954238892,"31":3.7178878784},"sae_average_ld":{"0":1.757768631,"1":3.6873283386,"2":5.6234741211,"3":3.9997520447,"4":5.939043045,"5":4.3182640076,"6":4.8322877884,"7":3.8274440765,"8":6.7993478775,"9":4.3106813431,"10":5.345990181,"11":7.2259979248,"12":3.6588258743,"13":4.5916948318,"14":6.2564210892,"15":4.4805269241,"16":7.2491645813,"17":6.1489744186,"18":5.477848053,"19":5.6259584427,"20":4.6963005066,"21":4.4030094147,"22":6.205491066,"23":4.7273483276,"24":7.1819629669,"25":4.8790283203,"26":6.9740219116,"27":4.433142662,"28":6.168381691,"29":6.7898101807,"30":4.7811088562,"31":3.8433246613},"ablation_ld":{"0":1.66680336,"1":-0.150478363,"2":2.4706964493,"3":2.8752260208,"4":4.9194812775,"5":3.3629922867,"6":2.1794958115,"7":2.5101423264,"8":0.8000202179,"9":-0.050661087,"10":2.5351924896,"11":4.6756706238,"12":-0.1933717728,"13":3.123705864,"14":2.5863027573,"15":2.6696434021,"16":5.163403511,"17":3.5055513382,"18":4.8249015808,"19":4.7883358002,"20":3.3286762238,"21":3.5782699585,"22":4.7847595215,"23":3.6450796127,"24":3.4926548004,"25":-2.7537441254,"26":5.7134895325,"27":3.2556600571,"28":4.266784668,"29":1.6879034042,"30":4.2929706573,"31":3.0829906464}}