{"clean_ld":{"0":2.4786949158,"1":2.7645664215,"2":5.2390556335,"3":2.3851690292,"4":4.5754232407,"5":3.5195541382,"6":3.334148407,"7":1.8530988693,"8":5.603843689,"9":3.6799316406,"10":3.7378091812,"11":6.2813816071,"12":3.4399709702,"13":3.2463283539,"14":5.5201158524,"15":3.1157178879,"16":4.8488693237,"17":4.475446701,"18":2.9968709946,"19":4.1207695007,"20":3.2520828247,"21":3.3441581726,"22":4.969209671,"23":5.124001503,"24":5.1371307373,"25":3.4903993607,"26":5.7148551941,"27":3.0518598557,"28":4.5641403198,"29":5.3348684311,"30":3.3615779877,"31":4.3800678253},"supervised_full_ld":{"0":2.2564592361,"1":2.4086322784,"2":2.7837905884,"3":3.2351284027,"4":4.2222537994,"5":3.0670948029,"6":3.4439077377,"7":2.6052398682,"8":5.2442178726,"9":2.7281150818,"10":3.331287384,"11":3.0401611328,"12":3.8446979523,"13":2.7579183578,"14":3.7501811981,"15":1.709690094,"16":5.6137089729,"17":5.2852435112,"18":4.5610356331,"19":2.7885560989,"20":3.7699041367,"21":2.8777256012,"22":4.6193876266,"23":3.8265810013,"24":4.04367733,"25":1.8035888672,"26":5.8656244278,"27":3.7320642471,"28":3.1027002335,"29":5.0014352798,"30":2.3729372025,"31":2.4206342697},"sae_full_ld":{"0":-1.5700621605,"1":-2.102394104,"2":2.4159507751,"3":-5.2897586823,"4":7.9718298912,"5":-0.6114530563,"6":-1.5335378647,"7":4.5022392273,"8":4.4516563416,"9":2.1113686562,"10":2.4704360962,"11":4.0674352646,"12":-5.1839795113,"13":1.1769313812,"14":6.5145292282,"15":6.9832072258,"16":5.3100290298,"17":3.5521481037,"18":4.6151371002,"19":2.7647480965,"20":7.4806060791,"21":0.5307102203,"22":3.2947292328,"23":4.286854744,"24":3.2488279343,"25":4.268362999,"26":4.0615582466,"27":6.1012897491,"28":2.9662089348,"29":4.3435125351,"30":3.1027522087,"31":0.3019175529},"supervised_average_ld":{"0":2.2564592361,"1":2.4086322784,"2":2.7837905884,"3":3.2351284027,"4":4.2222537994,"5":3.0670948029,"6":3.4439077377,"7":2.6052398682,"8":5.2442178726,"9":2.7281150818,"10":3.331287384,"11":3.0401611328,"12":3.8446979523,"13":2.7579183578,"14":3.7501811981,"15":1.709690094,"16":5.6137089729,"17":5.2852435112,"18":4.5610356331,"19":2.7885560989,"20":3.7699041367,"21":2.8777256012,"22":4.6193876266,"23":3.8265810013,"24":4.04367733,"25":1.8035888672,"26":5.8656244278,"27":3.7320642471,"28":3.1027002335,"29":5.0014352798,"30":2.3729372025,"31":2.4206342697},"sae_average_ld":{"0":5.2302117348,"1":4.1765995026,"2":3.736727953,"3":6.841606617,"4":-1.7952976227,"5":1.5535154343,"6":7.4222974777,"7":-2.7285959721,"8":3.4228467941,"9":3.6942121983,"10":1.1968593597,"11":-0.7005822659,"12":10.0026426315,"13":1.9771888256,"14":-1.4534492493,"15":-4.7202892303,"16":3.9645216465,"17":2.5822470188,"18":1.4666352272,"19":3.1753618717,"20":-2.837553978,"21":3.4334084988,"22":4.568423748,"23":1.953851223,"24":3.1949970722,"25":-0.4687788486,"26":1.7221097946,"27":-2.6416106224,"28":1.5591964722,"29":4.6461467743,"30":-6.4206647873,"31":-2.045643568},"ablation_ld":{"0":1.6394929886,"1":1.0748901367,"2":2.2611150742,"3":1.3488550186,"4":3.3273029327,"5":1.1636400223,"6":2.4613933563,"7":1.2402925491,"8":3.530538559,"9":1.9050045013,"10":1.787153244,"11":1.73787117,"12":3.4975776672,"13":1.8719615936,"14":2.4746522903,"15":0.8539943695,"16":4.4743719101,"17":3.8570652008,"18":4.1046133041,"19":2.0156803131,"20":2.2438211441,"21":1.2231702805,"22":3.2311897278,"23":2.8006353378,"24":3.1959428787,"25":1.346821785,"26":4.2647304535,"27":1.7403507233,"28":1.9527359009,"29":3.5525722504,"30":0.0828828812,"31":1.1146011353}}