{"clean_ld":{"0":2.4786949158,"1":2.7645664215,"2":5.2390556335,"3":2.3851690292,"4":4.5754232407,"5":3.5195541382,"6":3.334148407,"7":1.8530988693,"8":5.603843689,"9":3.6799316406,"10":3.7378091812,"11":6.2813816071,"12":3.4399709702,"13":3.2463283539,"14":5.5201158524,"15":3.1157178879,"16":4.8488693237,"17":4.475446701,"18":2.9968709946,"19":4.1207695007,"20":3.2520828247,"21":3.3441581726,"22":4.969209671,"23":5.124001503,"24":5.1371307373,"25":3.4903993607,"26":5.7148551941,"27":3.0518598557,"28":4.5641403198,"29":5.3348684311,"30":3.3615779877,"31":4.3800678253},"supervised_full_ld":{"0":1.8092384338,"1":0.1069107056,"2":4.2538919449,"3":-1.7941274643,"4":3.0776433945,"5":-0.4424581528,"6":1.7645225525,"7":-0.3535671234,"8":3.8821029663,"9":3.6421537399,"10":1.2915639877,"11":2.7289133072,"12":2.6614322662,"13":1.3151297569,"14":3.4797267914,"15":1.7919378281,"16":3.0892629623,"17":2.1706781387,"18":2.2427825928,"19":3.2326107025,"20":1.5744571686,"21":1.3312902451,"22":2.3128528595,"23":3.5090293884,"24":3.2433872223,"25":3.0719423294,"26":3.1370239258,"27":0.8287887573,"28":0.4342050552,"29":2.9759788513,"30":0.9228076935,"31":0.0157985687},"sae_full_ld":{"0":1.2787981033,"1":0.9230251312,"2":1.4537277222,"3":0.4221076965,"4":0.5445690155,"5":1.895775795,"6":0.4193582535,"7":0.8583106995,"8":4.0725078583,"9":0.145113945,"10":3.1557788849,"11":0.6591911316,"12":1.7511911392,"13":-1.7391176224,"14":1.9153804779,"15":0.0705184937,"16":5.1269741058,"17":4.6526269913,"18":1.7572097778,"19":2.1743469238,"20":1.8265562057,"21":2.7846403122,"22":4.8534326553,"23":1.4260320663,"24":2.3040466309,"25":0.7793979645,"26":3.8944826126,"27":2.5377993584,"28":1.1341133118,"29":3.9023795128,"30":-0.5411872864,"31":-1.323091507},"supervised_average_ld":{"0":-0.8115549088,"1":0.2251605988,"2":0.1596460342,"3":-0.0762882233,"4":-1.7360525131,"5":0.8966550827,"6":-2.0851068497,"7":-0.803571701,"8":0.5397539139,"9":-1.0169124603,"10":0.2733163834,"11":-0.541390419,"12":-0.8473939896,"13":-0.8241548538,"14":0.3885116577,"15":-0.9969825745,"16":-0.3505315781,"17":-1.1386756897,"18":-2.1060142517,"19":-1.888502121,"20":-0.3186645508,"21":-0.0999937057,"22":0.3076334,"23":-0.2418174744,"24":-0.8808946609,"25":-1.0256729126,"26":0.3540115356,"27":-0.2839403152,"28":-1.1275167465,"29":-0.4900770187,"30":0.2231464386,"31":-0.537771225},"sae_average_ld":{"0":-0.4189481735,"1":0.07280159,"2":0.9534444809,"3":0.9278392792,"4":-1.3233890533,"5":0.8917694092,"6":-1.024682045,"7":-0.1379890442,"8":1.895116806,"9":-0.5115737915,"10":-0.2184677124,"11":-0.2456474304,"12":0.1343078613,"13":-0.356628418,"14":2.1788082123,"15":-0.7166213989,"16":1.1482667923,"17":2.288351059,"18":-1.2994098663,"19":-0.4822092056,"20":1.0038385391,"21":0.1164827347,"22":1.0521945953,"23":0.7843141556,"24":0.4408016205,"25":-0.3888998032,"26":2.3223724365,"27":-0.8122739792,"28":-0.4186449051,"29":1.3751974106,"30":0.0053033829,"31":-0.0708389282},"ablation_ld":{"0":-1.3389148712,"1":-0.5000362396,"2":-1.1651573181,"3":-0.5951862335,"4":-1.7942333221,"5":0.4784240723,"6":-0.9145698547,"7":-1.2666749954,"8":2.5757761002,"9":-1.6205377579,"10":-0.588133812,"11":-1.0613498688,"12":-1.6530542374,"13":-1.7315187454,"14":-0.4358758926,"15":-1.6196365356,"16":3.7265739441,"17":-0.1031494141,"18":-2.1487026215,"19":-3.0204524994,"20":-1.5288410187,"21":-0.619799614,"22":-0.5566749573,"23":-0.0150175095,"24":-1.6895513535,"25":-1.8491306305,"26":0.0562000275,"27":-0.8662490845,"28":-2.3190927505,"29":-0.5116033554,"30":0.0986003876,"31":-1.3055486679}}