{"clean_ld":{"0":2.4786949158,"1":2.7645664215,"2":5.2390556335,"3":2.3851690292,"4":4.5754232407,"5":3.5195541382,"6":3.334148407,"7":1.8530988693,"8":5.603843689,"9":3.6799316406,"10":3.7378091812,"11":6.2813816071,"12":3.4399709702,"13":3.2463283539,"14":5.5201158524,"15":3.1157178879,"16":4.8488693237,"17":4.475446701,"18":2.9968709946,"19":4.1207695007,"20":3.2520828247,"21":3.3441581726,"22":4.969209671,"23":5.124001503,"24":5.1371307373,"25":3.4903993607,"26":5.7148551941,"27":3.0518598557,"28":4.5641403198,"29":5.3348684311,"30":3.3615779877,"31":4.3800678253},"supervised_full_ld":{"0":0.3825283051,"1":1.4144859314,"2":1.7850151062,"3":0.9916124344,"4":0.1864433289,"5":1.6240568161,"6":0.0820083618,"7":-0.2204227448,"8":3.634223938,"9":1.3986253738,"10":1.4089765549,"11":1.1013240814,"12":0.1549654007,"13":0.4723424911,"14":2.4446649551,"15":0.3849210739,"16":2.5652475357,"17":1.7084512711,"18":0.3310985565,"19":0.4153699875,"20":1.3743066788,"21":0.5970926285,"22":2.5160570145,"23":1.7432250977,"24":1.3581886292,"25":0.7335472107,"26":2.6399641037,"27":0.6993780136,"28":0.4208345413,"29":2.811290741,"30":1.2815570831,"31":0.7820568085},"sae_full_ld":{"0":6.2419023514,"1":5.3259830475,"2":13.3357505798,"3":5.5096664429,"4":12.4690704346,"5":6.5904941559,"6":11.8737430573,"7":4.4019355774,"8":10.7815494537,"9":9.3068819046,"10":7.5178852081,"11":11.5759162903,"12":8.1792755127,"13":7.2601289749,"14":10.1941661835,"15":7.9749002457,"16":9.7854270935,"17":10.6530885696,"18":10.641746521,"19":11.0110988617,"20":7.0057010651,"21":6.6507797241,"22":9.1312999725,"23":12.3044118881,"24":12.9943723679,"25":10.3417377472,"26":10.3646736145,"27":6.8202552795,"28":9.7335605621,"29":10.9245681763,"30":7.3741950989,"31":8.8285980225},"supervised_average_ld":{"0":0.3825283051,"1":1.4144859314,"2":1.7850151062,"3":0.9916124344,"4":0.1864433289,"5":1.6240568161,"6":0.0820083618,"7":-0.2204227448,"8":3.634223938,"9":1.3986253738,"10":1.4089765549,"11":1.1013240814,"12":0.1549654007,"13":0.4723424911,"14":2.4446649551,"15":0.3849210739,"16":2.5652475357,"17":1.7084512711,"18":0.3310985565,"19":0.4153699875,"20":1.3743066788,"21":0.5970926285,"22":2.5160570145,"23":1.7432250977,"24":1.3581886292,"25":0.7335472107,"26":2.6399641037,"27":0.6993780136,"28":0.4208345413,"29":2.811290741,"30":1.2815570831,"31":0.7820568085},"sae_average_ld":{"0":2.8721990585,"1":0.5569725037,"2":4.3500061035,"3":0.4074821472,"4":5.7423963547,"5":2.4706172943,"6":4.5078830719,"7":1.0070877075,"8":4.8210630417,"9":4.8139457703,"10":2.6731014252,"11":7.8352794647,"12":3.5100317001,"13":3.1628665924,"14":5.1833972931,"15":3.3563661575,"16":4.9824829102,"17":2.9799537659,"18":3.323841095,"19":3.6190948486,"20":2.5936450958,"21":2.3977651596,"22":3.5489311218,"23":5.5557584763,"24":6.3801431656,"25":2.2133846283,"26":4.4996452332,"27":2.4884805679,"28":5.1222858429,"29":4.9765892029,"30":2.0717220306,"31":2.7956943512},"ablation_ld":{"0":1.1751422882,"1":0.4553565979,"2":3.0493040085,"3":0.0211334229,"4":1.737364769,"5":0.9558677673,"6":1.0455417633,"7":-0.6839733124,"8":4.0587177277,"9":2.8095979691,"10":0.8872585297,"11":1.6356172562,"12":1.0916500092,"13":0.8505687714,"14":2.6887569427,"15":1.0253200531,"16":2.6731472015,"17":1.5886592865,"18":1.7949333191,"19":1.631562233,"20":1.6671266556,"21":0.0166854858,"22":2.4073076248,"23":3.3325080872,"24":2.2976284027,"25":0.8557510376,"26":2.5261993408,"27":0.2698936462,"28":1.4221353531,"29":2.7512598038,"30":0.254940033,"31":0.4529476166}}