{"clean_ld":{"0":2.4786949158,"1":2.7645664215,"2":5.2390556335,"3":2.3851690292,"4":4.5754232407,"5":3.5195541382,"6":3.334148407,"7":1.8530988693,"8":5.603843689,"9":3.6799316406,"10":3.7378091812,"11":6.2813816071,"12":3.4399709702,"13":3.2463283539,"14":5.5201158524,"15":3.1157178879,"16":4.8488693237,"17":4.475446701,"18":2.9968709946,"19":4.1207695007,"20":3.2520828247,"21":3.3441581726,"22":4.969209671,"23":5.124001503,"24":5.1371307373,"25":3.4903993607,"26":5.7148551941,"27":3.0518598557,"28":4.5641403198,"29":5.3348684311,"30":3.3615779877,"31":4.3800678253},"supervised_full_ld":{"0":3.0967769623,"1":2.2942695618,"2":5.9875364304,"3":1.5811843872,"4":5.693614006,"5":2.9354877472,"6":3.959104538,"7":1.0058555603,"8":4.8421010971,"9":4.1150121689,"10":2.7395105362,"11":7.6242876053,"12":4.2917575836,"13":4.80443573,"14":4.6061754227,"15":4.5403308868,"16":4.4527339935,"17":2.9908752441,"18":4.1320381165,"19":5.1326341629,"20":2.5354766846,"21":2.4961204529,"22":4.2237911224,"23":5.8960342407,"24":6.2916402817,"25":5.4862146378,"26":4.2742452621,"27":1.9721755981,"28":6.2729740143,"29":4.4934339523,"30":3.4932899475,"31":5.8210468292},"sae_full_ld":{"0":2.4927511215,"1":5.1309461594,"2":3.2556071281,"3":5.7983703613,"4":-1.5810089111,"5":-2.1127977371,"6":5.7270526886,"7":-2.3269658089,"8":7.2817115784,"9":1.9692287445,"10":1.4645421505,"11":3.3104720116,"12":0.5849952698,"13":5.4961848259,"14":0.6032338142,"15":5.4023542404,"16":9.4017877579,"17":6.8126001358,"18":2.9643969536,"19":6.739443779,"20":7.6389923096,"21":4.256398201,"22":10.2323026657,"23":10.433962822,"24":2.2190608978,"25":3.369820118,"26":1.7190523148,"27":4.0980577469,"28":3.4875917435,"29":2.0355477333,"30":1.0518951416,"31":7.4415521622},"supervised_average_ld":{"0":3.0967769623,"1":2.2942695618,"2":5.9875364304,"3":1.5811843872,"4":5.693614006,"5":2.9354877472,"6":3.959104538,"7":1.0058555603,"8":4.8421010971,"9":4.1150121689,"10":2.7395105362,"11":7.6242876053,"12":4.2917575836,"13":4.80443573,"14":4.6061754227,"15":4.5403308868,"16":4.4527339935,"17":2.9908752441,"18":4.1320381165,"19":5.1326341629,"20":2.5354766846,"21":2.4961204529,"22":4.2237911224,"23":5.8960342407,"24":6.2916402817,"25":5.4862146378,"26":4.2742452621,"27":1.9721755981,"28":6.2729740143,"29":4.4934339523,"30":3.4932899475,"31":5.8210468292},"sae_average_ld":{"0":1.0845193863,"1":-4.3153343201,"2":1.9460058212,"3":-5.6155405045,"4":10.1253232956,"5":2.6226520538,"6":1.3553593159,"7":3.898809433,"8":-0.8269985914,"9":4.9001140594,"10":1.9917259216,"11":-0.3180369139,"12":3.7122569084,"13":-3.63285923,"14":5.179441452,"15":-3.156015873,"16":0.1551917791,"17":1.258302927,"18":5.8898677826,"19":-0.490401268,"20":-2.498796463,"21":-1.1241476536,"22":-1.7731610537,"23":-3.6000573635,"24":4.7458591461,"25":0.0809897184,"26":6.6958603859,"27":-1.5764166117,"28":1.8009873629,"29":6.1737446785,"30":-4.928196907,"31":-11.7601594925},"ablation_ld":{"0":0.8915042877,"1":0.2145690918,"2":2.8773441315,"3":0.0462064743,"4":1.451833725,"5":0.8921108246,"6":0.5922451019,"7":-1.1462993622,"8":2.7212285995,"9":2.172504425,"10":0.1296510696,"11":2.3658094406,"12":1.292637825,"13":1.0519695282,"14":1.122882843,"15":0.9382791519,"16":1.4061908722,"17":0.7980194092,"18":1.7026538849,"19":2.0057163239,"20":1.5434045792,"21":-0.0874118805,"22":0.8969211578,"23":3.3552913666,"24":2.0413360596,"25":1.0473184586,"26":1.0076694489,"27":0.3528289795,"28":0.9885616302,"29":0.6486997604,"30":0.5389499664,"31":0.5259189606}}